b8mn1tci,44brk0rk,uckxba29,xwa9b079,c92oev1c,ywrwd6ur
448osd6q,1btk40xb,27qyo309,4db22ft4,f6rq29ck,nrgqpv7c
wo559itc,dosbersd,7owqx9x9,qtv4lpv6,rasebtex,ofyrfosa
enmqf10n,7f1jbjyq,g3peoc4x,c14cqxyh,6ivool4a,flgie0s1
g9ht04wd,u9hsci6x,txklftrm,fr7mur89,ufgbnxdu,uc6hy99c
hnr108oe,ymgx27ds,a38lec9l,7pxljsxl,hb5enu9s,mm1f65x7
20rupu1b,kkdqaxou,x2uj9fys,aa3kq3ep,1xm481dt,25g34ugl
drsq59ih,9ncsqc4c,34r8vm5a,rdiqddyf,953frn0p,1x8h3dxp
slju5ft5,jdwklkvw,7c2ya203,xj7ssdmo,iwg7vkcl,y0n5vf63
g1b3ka2q,9mq8bkap,rl6wsjm0,7g99yjpb,6dectfap,a2qbg03y
derlif95,mb4wupcd,ou728ej3,qxlvs15s,itcxx097,xp7uro3w
vyy36sqs,pljtml68,31wxbqgg,isrdk4e1,mkuy8hvr,2ykovh4n
onwebqex,psv7xdm5,wx4i7l45,pabqflsb,p3fmx814,q1hat3ac
93slktn8,rgxaam6s,apv2a1mc,rr6d3w3l,ffkrmri5,sgguhgu9
g6hb4c64,j6pn7r7l,kbplp2gq,fs2x2bjw,u6j971w2,ailorprl
nw3q91fp,ddieihfk,77fuhmoe,v463y2ix,iu6ygx9w,c89itcy3
p2pyl8e3,ll7fe0y0,n1nw50er,1arqocfa,rn1gsf0x,bau13b1m
0nrdbc82,s73tagqy,8auli19b,is2g9kpn,rewmy5jt,wjx2efrj
7pqlfan5,7lf3oew6,pty5v849,n43hmw5l,8sea5wxr,97x99ae9
9piiqhdp,10d7axn3,raxueo79,dgp55npv,d9893uq8,4aqvubyf
kie0328i,wyo23l3l,tn1roc11,i15esvrt,lpn0gekw,s6ujrhpr
snkoo76b,ds3k8khi,rp1sxgfu,eq5byrer,wa31g43y,kwjw8x9u
5f16dnep,e0xhihor,eyor4d6k,x1nolyke,44w2ctaf,gachbtwv
p3lijyxm,j4133lsq,13xye5o0,e5bj7pgu,99kqoock,kg7knyvd
vsel5xet,keqf3sd8,aujextu3,kyinb1cl,xwm4247v,qbayrx9p
hdhypwkk,0jajnepw,xcohel0k,sfgj9k85,5mguxc2f,xwdw85dr
khqmhwqu,1bwsevrk,6cy1yakj,2f4fovuq,tyspxxkd,kfcy4nkf
smo8mthx,o78v10lk,5d8q0oi6,ddm12t8f,wmqpgptk,m1rv26yd
t4sr48rs,7q3m6mux,kcs05h8m,98aijx1r,c8758wbk,s969mruo
j13syi0p,xcgeuhsk,4hew4va6,k57i51oe,dvodgldr,vbqb2arx
swxt0v4h,fco4676o,yajpwc0f,5kosvsnh,96h2u3v1,8mck1si3
ujyltwcd,ntvs4g99,s3b0qlex,nivt3o02,1t2n4wux,5jich28a
riobdtew,saw9tihl,lwgpij8t,8ukgqxm5,lfr7hv73,3yn5epll
0rpomdci,9aqh9vmr,3ydre1ux,o8au2caf,upyp42h0,23otm9bm
d9jfuu3b,lr7rw3gt,j5j4okm7,7fiw1uqs,dkxcyewa,vmn5rnc2
8ysvt4mh,4ul32hvc,f01ybc1u,596urvqq,l4tfhx8d,efafq7f7
1xdm7rdk,c9q3plwf,vo8blsmf,sujo0y1j,flwi5kn7,92391bvw
26wl02ne,5vfbslg4,w3anpuqx,urryi60w,41ksy5ck,vnow55sy
d76b4edu,25cd8f7y,2egygbe1,ien4i4nt,n4mv3mfp,jeghgyxo
oea2fvj1,ebx11wmj,ipvfnuss,7atof21j,irblfkc3,otkvv6e4
na67gron,q22rdrm1,ut8rydyw,9q32sjoo,db47bs4i,021c3i6a
ubr5qc6y,hfpef3mv,iqfefdp7,x9xx9i2j,4oxlroqc,0vgq9vgs
k9skvkdf,5po65mv3,c2sj3yey,8iuckvly,mjv7l33h,h2j1wk5r
wrna2k9x,ob9xe18q,l4coy5ql,o8fm7v25,0da353g4,vbfend2x
fafkaum6,eigq75yu,t4y0un91,oi8w6uqc,cw086hjy,y7whtraq
15ymu133,ry3fsmyx,c4rbylsk,f4ayj2ch,8htpo379,qqh6u9us
ecrvysnk,x6uvfdnj,nu5ruspb,4o7cb0fs,vkcx80dp,4m39ol5b
7mdvqtyw,bnh8n40b,fse6qaao,vg60u8oj,l4ofiv3x,jcvf8bhq
5pet5oqc,35epgqn9,f0eq1dmy,qixnlmkl,jss37qdu,y4ffhvgw
kaqcto55,08jroakr,67hf6jcp,kiy9br7v,ctqohb1t,ylbj5q2n
ynl963vj,cgfj3e6b,jastahwc,x9px9txh,ofb7i50a,sn2lcn50
9o9hfx1j,den93kde,1hilerj2,a46y255m,w5ib8oxo,ke6rel00
xkmaih9n,tgpytcms,qoq9aot7,t1kwjra4,29fh6jdf,1exrkx71
o9qwasmy,6k6vi5ps,nvasgasj,wqbob4dj,18uwhco2,3yakfhm0
j1x6u6xn,v32bwb9i,33xep208,8ope6dvd,pw4n0uya,ukjtevl5
cpoj2vb2,uecb1kj2,cxtx0cp5,1lfb4nu1,1epsta0x,w9mdvam1
5nvr8h3q,nne93hnm,onk0xa4x,bwpe44pe,he94ygq7,rda957at
vmkjsgnm,n7e2vmeg,n1ruyvvq,j6ejhfrq,yqu34975,j9ubunqs
pbbx7o7k,8jg38n52,6s0a89pp,h5uddm1i,8x4ydty0,gvka137b
d13xetfp,wsdgkfaq,mp5r0opq,hcoyd5un,8gw2ng9k,m3iqmnov
6vt9j5cx,rg3kxam7,crvl7mxx,6jkefe03,96kj5580,x5mvcdjl
ygsorjhe,tklo098q,p0m82ba6,c4o8a7bk,86j4urmd,9fejsxe8
9l1wylri,8cm5m2ib,trn57xyl,tk5qm5qx,pvgcv8wk,958u6vur
j92dfds1,hkimris8,f6uiuer9,0ple7o8q,vk4kpq25,3ewetdja
10u8km3s,yp52a936,sfmdlnry,9s3t4tiy,l7gwy32w,enyi9n4c
yqps1tnt,on455dlr,t4g7qpfc,y6gtaqde,8rwa1erk,a0p75864
veeheg61,kkgrco8d,eyns3wcn,788jknp2,38ojib0k,m67f1xr4
jvaaxabm,585nwp2a,w6uo5u93,rf0cjns7,lfdoukc2,m7w2j8bf
sw4xkk3g,tv7bpq1l,pgtqrstc,g0u5qgam,u3a3lxba,f0tsyy6r
x5q9w2ev,2aako1bg,a0tb1anr,35wqbrve,cdatpp6o,s7ssaled
b2gl90y0,qlpurqte,e2okk84k,dvovbmdq,81jv67oy,123xv1ee
muj3mge8,fpcnsosr,7tl0nefe,55nbcq6n,qdo9a56l,pbamhpco
oj61t4x6,gqga45bs,ehu30v7a,ddafg22n,ws2b4mnf,xhe1nyg1
kwg5921s,soru7ptm,mqc33ey0,tv9kjomq,4lut65yx,j4kndal9
35e7vygi,fjl16vhh,tuikhe27,t49e9g93,uqgwpj1t,gk2atu31
07fop479,lupgqakg,2m5jjm5v,5oqb3fyg,c4d81uwy,jkg4bsyt
oi1sa15m,abx8y10s,pultlokp,ciptgqex,nc9i34n1,hrpei1km
f10ons7c,b7jt56lb,mfqrv5t1,06irxxkv,dafk2se9,93g40mc5
96h1dbkx,gm1ib4dd,gjv747kd,b28fg2jt,v5mcil4y,aryxecbl
8hfjkcqy,nsxjoxe3,aahhkaf2,cm13jr0g,7ra2k48x,u2q3998t
as28e11w,gtwh5oou,yp95j3x6,s4o24b38,p0vikv36,8r5r0puy
ipcd5ygw,p379nt6m,fjotrya2,oip4wsw1,294voykr,mgo582f2
lkab3ism,51jyqhgs,dekgmt3j,19wbuklj,68py1yfh,hrfxgmmh
af3usm6s,jj2x67jt,8mgjmlbp,k0w5aq9b,xgmg6rb9,auu8gav0
iiqvf63u,q0snvfxb,hwa3n749,tkqgpg63,y289rra3,gs2lk74k
cw3i3amp,hhkeettw,lf15ojmx,wkt2q215,k59wrx8o,sjatqx53
kvbjxmvh,f5rf01yg,fm15ehhw,gg0p480u,nahgldko,ds6jprji
aa5k7fbp,ad7984v6,bpl5qcgw,ci8dkp55,voo15eio,haxmgsxj
e2unmf6w,isw5k7ug,vlowdw7g,f1k3i9bt,y0ceclyo,vtwll96a
8gk1f3uq,pm64770r,w7skuknr,i50x7er7,gey0ies1,nvkijxse
7o6l665w,y2m4vyt9,wlay9rej,6acfo8mt,yh7xs5xy,6cr9ey8c
o2ac8aqa,wohqnvgh,xx18oirv,splevd8i,ekmmg99l,37rjutri
3rjvy64x,vo3i3khe,iwiad8lg,hiab6nhm,1qdf5bjs,0nofa78m
t6u8egfm,ta3nfvs2,s89p3j89,rp6xcf8p,8bx8hrbn,far9vpup
cn5ne4o5,9jmn1454,mpxka1nn,ne76vwt5,00c3vyw5,hqbmgs92
md9cywij,j9e1u2rq,lvgmhkre,guce5vdi,a1pslb11,wu3433a4
t5bihf65,bdlrdu4q,fcccsw81,jb79i5ui,5nnl2ben,6hg4aqkb
4u7uyusf,vd0y7281,y1kugrwg,ijds5o3g,k2d3ivoy,kwv9j26c
iovrgfhs,gv5fjil6,rei7g2fd,79o3cte0,3gh67dmu,bse1p054
bk7udll6,lwxlwe6j,l3gy3sel,wyc45pb7,2rnge9y1,w7uy6r1h
85sd02y1,0ejqp904,9nefgnio,1a3s0a4x,c76sljw5,vjaidt46
4sa6juvq,eiebuu5a,2kmiukk6,k4t5lv4p,ojfautsy,uvx8uvgs
y37rv8xq,8qli9qdk,gwouep40,uxo69xmo,cxgn5fnj,qg6qqhjw
jhk3yvve,fjgc3tb4,7clfueuy,qe8lcocv,ohrmfaij,nrsbf8q3
5l6q3aex,kqofe91j,hmjw1wjr,f5xbd99u,f8aifmnl,4ybswur2
qqp82vi3,75p6e75c,cs5fdsoy,tufigpml,jp0lvbaj,otxev983
festfs5l,m4o80h6x,tflwaupk,cy0b4epe,jyiymlsy,wj44kfw4
q40ixrte,q0bxrvak,orox93kw,pim7xiev,tb97n3a4,qsem1okc
f6yjc9g4,34oest6q,ppyqljro,ok87jpl9,q6ghkh7h,m4v58wa6
e834ka3b,pe5bpbyy,rluyk5ls,78u35bbo,6n9r3ue7,nvi82t8w
rk47h4k3,5hdntmcb,2xk8wuh0,1b5jha2i,gyjstqtb,4cjx5j2v
u5ccikpi,5lh49kwt,0kpncifb,jyjes2rh,mb1j1ef6,r0f1wqbs
q3kfqnl0,ng45mupg,wj3p4g7s,5m5xu3xa,2k060gyl,191s8llf
xtt5d5je,q9j8fpq1,vs6js44p,abgwghkd,cubc7s3q,dtyo0glj
5pb3sfja,5q5bvw04,mh9mn6v2,pgghb49q,om2motib,bqnbjqtx
kxmcfxn1,74va8250,o2mwa2xb,ysxfr2n1,pe8ojc2r,4m247ros
uq299pcv,wr1tg4yv,j7vwewvg,bhy1saa7,m1h1uv75,p0vnp68j
7d3nft5j,x3pmta4t,g6f750x1,92pq32ys,clbev2fw,igayqcxb
owkd68wt,u67ad0fy,tqamau64,w6ljl588,ixp2ae2n,ij84dfnk
vbdfp47o,3x9kwnfp,1kdyojrv,y8i1395o,b7byfto3,wcjgmhff
84mf0ty3,o400i8rv,ukyxci00,dhn09j72,gk1lrkf7,bd549f01
xnp4u678,l4hoiyaf,l5vp51qs,xoyovg8x,lueu88kl,jwj0fla2
q4o0x0xp,2pq3guun,xnaqw9i6,cahknmn1,ab3227b1,mrkp1358
8t6s3gep,04ialkoa,r49n5x50,gqolidx7,be2ltqkn,grl6drnd
mngtjxw9,m4j5n2ui,v9l415qt,15g48ibv,mt4j4mkd,5jffov4d
cyvdarqe,7fmpnlw7,no1lnrte,s1x016uc,q4mgqcse,momvbnpt
7fw3x457,eckdsaxr,to8o7u3d,d06v0ldn,1ps64lk2,asb6kee8
haladc0m,hr722b3a,qhinx4dy,mx2kifof,0pikxkvu,y3y9d2jb
01nxeqsu,knl0h11h,kk9b6q5i,sv3eh7yy,q7w1m3cn,bcxt6obm
hi8qp61y,l8k449ja,sf7i9rln,bije5xft,46lfej58,cp28dtvo
wje08327,7a2vsohf,dfuvgqju,s6xlwt16,r9x7rdm9,5glqtjm8
g0iqu6fb,cfh3ih53,cy91k5to,2y3w1g8j,wqsgfc96,lhsu01oo
eoig3toh,h28g0cax,nnu6uuun,srx2yh4d,e0bjqnrh,9hvcs9j7
51b8aqcf,rqf3rofj,ab8g6s12,phgol3th,walo8bqo,iupor4fb
blmmlbo1,fs3krf14,m34a1qu2,x9wj77tt,8tkn3iah,torva2n6
y7yqfeen,lolwku5a,709mf5x5,r4vrcsal,cft0dg73,n163d6pw
woihuefc,wrsfxb5h,9eq64c5x,p0lk89mg,n8jfwkp8,nrvcuwr1
shn7s18w,6ronqr69,79950l74,s8xfwhac,j8rvfsfn,rojyov33
yanjmoe8,eu6ngir0,qslft870,c3qggn5t,rnr00tcb,y9x2jnl1
0gpm8dv2,rsp8x1iq,nf2toyhm,wdyjg6ou,xix8kuvg,g0swk3mi
whl04rew,cewibpo1,007dm36m,dw4nf196,2gwuvntl,70cxxt8p
4s9pnoci,hpbcrhfo,jf3dmreg,0tprh0hp,ygun2yuj,e4oahke5
3105ci6n,l6i0rhy7,kxhyjlmk,e8121l3u,1o3mbtca,03v6xibb
d9hcx01q,umbswutu,u01ssyso,5j2kixc9,qoiurd7i,yqqtk7vr
1i97p0ae,b5oiwe0f,t52dd2ty,6l6fuq4n,6g04ipdx,uhd7n5cd
aukkr2a2,uka49bmr,c3wp0dox,15ixaw17,pouqxsi8,g5dkg32d
yonwyul3,802wuiy0,tjyrb1og,jtq4yh7p,dq6lm0oe,2w5r6cwv
vwl2k0gv,qcpgxd9o,1ng6x3hp,vxl3685y,qoy69bi7,p2nffojf
rdxyjwc9,95ke8s23,l198q0k2,ar7wrls0,ty1kjfxi,8pkfeg9w
q9l9miuw,lgry5uww,6p606oc3,scv8qqtl,u2555vqk,un8cbsgj
5lx9vlix,wniaon9d,ouknot3a,kf4k9elr,0xqomdx9,g8jsqrft
y26u2aq3,5bd1pqbl,j9bc0i4r,p7yneijc,ius63uok,i4e29t3j
73qsjjx8,htv8x01b,jgupqe8e,ytjtyxj2,6yi7vrtc,gjnap012
wyphncri,ycspf2d2,0t2r32sn,mribll2q,3yd3e4i2,whwi1qxy
qgrns5v1,fsqncxmw,0g8e25t0,1p34mlwb,a36f891u,kygdovmu
en4iiuvy,f90yul5f,8y8r8100,0sfgbsy1,cm3rtgno,3gqajo4b
0v97q2s8,yionm8wl,aqunytdx,bh9cwgsx,hctqwwwu,raumtx1y
5h3uxd8w,orgebtko,vcrbimqf,6axnd223,s5ysoruq,3ryw37lp
r5svbfrd,81rbxxvu,09pl3bda,nkkndqyj,urpixbs4,gfwd0uyx
gyh03q2e,61a14ds2,fh0rdys4,ak7n72df,5sjnximd,fj3ax92y
v9wrw8j1,ip78hml4,25glqgg0,k7cq3x79,yeyne3aq,d9n1aa82
9dyfj5oj,l2wwr5v7,fk6xcnsu,pufuigi1,85jp4kgw,se2pfhfl
2h20mby4,ts1twp9r,fljeis4r,ehdggl4c,bfcsr732,h9dj1vdt
u77w6b5x,f1hfas6s,0loxe9mb,6et5f5b9,b1f566fo,w2edaig1
9r5sj4wn,g434i6i5,opgo8f77,yulnk5qu,a1spbwhg,2p40ajip
2yapuk3a,8jvesqsk,ch6htgb7,8b4s8xo6,5agn21rw,q7r6ptcl
uo3nkwaf,xndghx0x,90nc2a6n,nt35vnrm,0i2vuqeo,p3tkwqwl
0fxj3u1e,q8hdlm5i,55qy7gtc,lwqg7a36,ep4hsb6e,tralxkoq
peqt2hlo,s0thjsyx,t6a98pvi,5aptany0,iq52jbfw,ea5qvmlx
va3712e3,k7hc0s8h,gvjmwiql,kyorg1jr,oxowc2mo,xqlnyjcv
m0bv70ur,i83kio56,6x0hfxas,kbpbw6u7,gdbjmuay,shiajrkn
6kmiffrx,eqjlo0qe,302gdpeo,rhl3rx4v,wguptxv9,01wqo1x9
w4la58t8,j83snwgl,g3mlsd6h,h9tbebv9,oga5btfs,jrll7ccq
7iarii94,ab4eca6x,83kyecwo,0pmws865,yry52g72,bck7cc1y
gwjndmmx,e8eyjh9l,f08t3d72,ogecmvxf,oo9ng4sb,o2k0q5f0
mkdtjp1p,j3t4k8q6,re88otbo,mx4v955i,5to38dt4,ivocwa4b
ka7qg5k7,9hmxqa5g,48y5w7jn,shs4dohp,54dyxers,wj6tl2fm
rhhlmalj,d962yw75,509rcnxa,de1a5487,pd9xmg1a,y4fe6s29
r7pl75m6,miwe0k8i,c941bihw,vqnpq8pr,rbx4pb54,uyltsdpp
wtvndbl5,52cfydh6,8s4vft7v,a60jlixp,c1p31w8o,iv7eye80
6fu1yfyv,tn0wa77e,01ginp43,vdcr0w7j,a1kdjpi5,gr9v6ok0
5j889lyx,ll1vr098,0a5fs1ow,akc1k8ow,509wwyxh,p6jtf71c
1w9qu7vb,78o19tuo,c6s5lo8w,sfha4tjn,ci3ef4pg,qsayx8u7
c09q5ou3,4py2wdpc,q4au63j2,ov7drd56,jafg2mjq,9jkgfxar
dnqgfxqx,ojulo947,040t9vku,k2umru0e,gsxtlp69,9om3c3ly
qwe564kd,p7fqyu0s,jbg7blln,e7j35f58,b89bsdki,d6v1qpam
2a4hx8x0,e8nnlft1,pbt5v6fj,auip5edl,9h4ckn10,hyix0uct
51r77jnw,h4mklran,5o7jo9u0,973jdbkh,acdh6p6y,8n8jlrin
i6de6fxp,dhuo8hj2,dbuh034g,0f6u5sr5,ug5m23us,ihm8enjo
4lxpdeyw,1pwbttst,sjlbnqsu,m25tto6o,xngv9e25,b7nxqra0
kqh23k5l,6mo1gdaj,4rgqhcp5,735g35wp,lobcbdgh,sxw103o1
qpkc8dr1,sibt3rk9,q89sp01l,3ac1p9je,4qlh5irq,oj0dv9fg
ll4rxsum,usv39gsb,llbr2m1a,mjwwgghn,5si5nxj6,41oinqrg
las0o18e,qqbo77a4,131u6ce9,ngx2hr7b,fklnkrhe,gpgyeegs
fe3yn3vp,q027vdxy,3ldsqlkh,2ev1wwne,xxcrwj6t,0kd2tjup
47qunh1n,iuu2ga8n,ng2l7798,j3auiibd,evi3sln3,ypv0k5pt
50daapao,cjlbn6y4,4uoh0b7l,5aq2rx11,879cttfy,2qaijduw
terlbpc3,7awpsrll,aknmfntw,b0tksnpn,xpibfx1o,yjvcomur
oopgvdnf,chnr3yrx,6lbyhym9,1wt0epoe,ybfj45o5,uu6gxuua
ooe20kva,nmt0k7rm,4abdt2jc,rlf5ghom,wig0vgo5,tjpqsrcj
temmhdml,91j2332a,ijddmtty,cudkj6d0,tds8anng,95w0n5sr
o3o3ds8a,fm8j9uar,0oy43ip5,808dxx3j,ebs8j4ub,xxchasn4
v1pviryc,c6e6hpo0,t48cuu4j,ft6faud4,cfnsw3od,rhd6iiaw
045jjfo5,pbhjeqof,g5jsaqhd,ymbo07j7,ev3qlgtr,eyomrltk
rxlqr1xe,9r7dux8x,4b8clibj,r8929bkc,idcie7i6,tk8hx9h4
j89cqw6i,4kutlmc1,l2k1xe56,m1gq7n93,6c54of8d,6w601g7l
t7159uko,2oeoe7ld,fuv24vqp,8mk9916n,n2aeumlc,4qveja00
1vv18sn9,x6xf7pn4,6f7fsruh,8tv2dp63,pymytrc9,ehbjr46t
34r7kosl,trm3sugc,nlojesqh,jgqde1j8,0xjjmhou,5co13t2b
bmhy2h6k,8dy0ubs3,gc48tda8,8tvgepe8,glcoxwiv,cpqweilw
o2mmljba,nm3dex77,ckim80bq,8sfvese0,i45b7pvt,j5tfliot
wfq03xsb,cx37oe68,3akxdy80,hkh5sfk7,pc4i6j7l,3qar81oh
dh139w83,kw8vngwv,fijsbxs1,3ge1n9ij,801l2g4q,scp2b4qi
bq8stl6k,h140ggn5,aq9ygwg3,8jems2hd,4v7675ed,22j063bw
qrnxl6kn,x7qovabm,pvn2l839,dn1u9gg0,x5vrscf1,7017my3r
nbypqpw0,jd0t2xxb,sptiy9hl,khmem916,vglmegwa,ii5g06xi
tac1kkef,55s0ed51,gikjxpks,dhk5tsyc,9h1gy5jc,abwm8qwe
gj1la7ya,9m4ia7pd,auygnaoy,s01cws70,6dpxffry,solymmu6
whdo3mqp,iha2hmia,hmwwvnyc,36n9vlaj,4ks29h0x,0pc0q5hx
t2jlm30h,kj5dlu12,74wlowg5,hsugpvew,gxyw5af1,a9xfhdiq
hlkc3o1y,919i2w5n,ava89n1i,p1r0i4fm,guf528y1,01r4ldyi
a00p5njf,lygsoicl,5fs1d4kw,wygdlkal,s8659ijd,r519h8yu
ral2w5pj,uqvmsvpe,dw046avl,fjsiks2d,vr25agtx,2nge1dtc
cs96dyjy,1rj29ny6,y21ni7gg,an8umick,774l11lt,73femu06
6mgtbtin,ix1l35no,4c4hb6we,26f5xo1s,j2qbapwv,i72nlthb
gwudxfjr,9ecg2sbk,r0gpe2lq,9qhycten,vc0wq321,byq562w0
74sl1dwd,kjmu6arw,2bwgx24u,1s74rowr,d534mlxw,6ndbojx1
6m47k7sc,23rkan6f,9rf97dq8,wytvcxwe,iyasbgu3,7rmtkuan
e2h41k1r,5rex7j0u,ghyinkh7,shshxi97,2ov7obj2,gt7xsiyl
4msfub3c,r0b17h6f,s6ng1987,244kh1vm,bigg18is,otny1cvl
g22bat0l,y9rr63h1,yidllogm,lx47rjq6,g3861qa3,mt3yv42m
qpjcebu6,0di51tuw,6elavqll,y34l3t2e,3qw7nu9x,ct0ck6be
768j4wia,uxk62e05,wh5ajqq8,jxibjq5h,ss21gq4t,6k4j0xuw
j1gpngox,2d8x25ii,7o42nlnt,pu93rofb,j3cqk46h,frr8kg36
q81lbsqs,52g50i2c,lvm47i5n,glybjvf4,slgvi0ks,0254dwbx
ro18k6e2,r3atvsjk,cbpaimfh,0cdw8um7,vxqspxgh,7gi7cjd0
phi8j8ma,ap3stipk,vwebys6p,sdqjfpr7,0mtn7c2e,4agg9ugg
tc7d6503,y0ekclq7,tdv19p5w,1snb734j,we3yfv7v,bwkoc4x5
ssehkh2t,rpld3po8,m7b50yww,lf6s7q1m,fnw9bknx,ny97gy3n
1hgrn6pa,nchtnylg,67eynrv8,9qbdvkvi,r1d5uufd,gny7hsvn
o3mw5c1t,men9ufmb,4evajvgb,lwknxeyt,joe9ejfn,e58l0ub7
frsgxt2r,pjifkdr4,p6e9mgyy,7dvk2eeg,phl3ycob,hmfixfs3
upwyvwv4,15eky9jn,bsqat426,dn9wgrwk,71gwyeua,ech3ewr6
eckndjpn,5as4bcs9,qfn2tlst,boa9f0jq,vrm51o05,byps332e
itujpewg,ptkyijxf,jfemy94h,nu47a20i,dpq9otmc,bsm0ec5h
aco0c8f4,s36gpdbs,ea9ka4np,o746la4r,hfrmhq1a,wkm5tukg
ook8oh6j,o0o131dw,buppl030,b2nst56c,ewlw5vh5,8k5aq693
5hymn245,ni74pvu2,jr98e76d,owpyxnrj,kcxcnqry,tih5ksi2
s7qsyx5b,i5srbyc1,dbi8db6j,luk6nfg0,mqgbwto8,6un6q3e9
lgcoc0t2,8r8ylcmp,b2wct3mg,59ylx99c,e20254es,aycc5hbg
4rjg5bbm,v695qr9b,rhg05n6y,efbmnke2,62pg6g1g,du5pr9hy
h0ygmhma,0cdmsj0y,pyf79bcj,j9dfkp38,o2e7u2tj,dr784xlu
xrtrmn80,cme7ncmi,sc0ttkdq,1rcsl0gs,cj91oflc,o4b6jqfl
ohs94ms7,va88q8ne,ital6cto,9vb8gmgi,2qjiha2l,cneerjtt
81ew6ik3,9iej48b9,lysiw0g2,pkjdu68x,g53j1tf8,vu7fv070
vl4qxb8j,044mbv6e,xjmhwj35,k9v4821y,vxd7j7v3,ei3jxs4x
k7cclqh4,1nhlfl7p,t1mi153k,w43n3eub,gpkklvb7,oo5n83ua
y02x3w1e,4c2yfxtx,jcsa7xab,r9wgn0i8,mjcgcule,k3jodv0t
c7aqvmpe,jxhgvgbr,5ngt0pnm,0rio9tcp,jtq6urds,pkj45uho
ww4nu7hb,8w4nh0ab,h084gxup,9gwrhgtq,00lqmqki,eqwisk10
7tcto5h4,6tr8w9pw,5xcn6x1n,kmcudxnp,0s6ahyqr,7b4p3shh
xjui8wxy,0i9uparp,q7e38isb,hkwosthy,1qpmghq1,eqi2n3je
wv5j50g6,k7pmygcv,n107bl6o,h0ksheb2,35sqmrqk,b5iclt56
jg6nquwu,igvles0m,kwiegjr8,3ylyvlto,7qjrcgcx,mng4tpsv
a6ycsp6f,m8qnr51o,28nune3y,o3cfmu3u,n0ybf0wm,d03sq0ue
ny38sk1e,aovssmun,xfdw9g38,sx6ljccv,t0sj1i2e,d6xtqphn
7lysr1i0,obb92a9t,0ox0ckbu,u6fbjgsn,56ybt1bp,0kmlykxb
s32115d5,hpwqlyyh,jkyx0vad,q98xs7bs,1ql20joi,cwyb1ga4
xaqcnb2h,cwur1uox,3hl6i76h,8rthmkyv,x9e4l1a3,5m2721q3
edvhhpi2,yl9755vm,sacmwnlj,2e2dbgbs,oslju46r,5nesc9ji
3xfsr3cl,8svjow6o,y15dyu4o,2c6bire1,ihravgki,mtey0exg
jr0pb8y6,karrclhf,2kqcfpok,p4joo7q7,f1rpv7ro,6n5q1w2c
b8uy2ugx,gtwt0tst,ecv6ebg1,3du2dipu,l9pdm2ab,kp7v1f0y
9jtoifjv,6v6mfqaf,umvo9vxi,l66radwc,23tusyq4,u3qsdqlu
pb4oyf6t,au1lo2t3,8xyrxe1v,x8jl696d,j9vuvcin,pusyc4ve
ijvxuowm,652xsanp,5akxbhvi,u51furwl,j901bm7l,otk0p4uk
m07ejt1k,801qafx0,jnr68psh,ansu7a3w,4bt5dbr5,kwg414yk
nv65guoj,ildh7v08,6eqmctv8,e3o6vb37,m5isyx38,bhc5p6pf
7xyr2p37,y1y265ab,ngts4yhx,a4nxg8hs,c2dcotvs,kxqhj9oa
ybud6pv0,x0mav2ot,ib9fqxax,wm34bofx,uxeocy86,6v01qt83
3pc66ik6,g00uqwcf,7t74krc3,6y2ngl7l,54ewkmke,ny8r2v0b
mnofvjfc,iixkj6gq,ej0a99sh,jsmibdt1,sdkjhg23,w23gs8rf
o2ucyacc,n6jelq6t,ax43byyi,v9cawa27,dquk940e,cae6u5mk
0wjnst7k,qt7j0c1a,l0be7c7t,x2m9khey,ni9f12oe,ph1c05se
2ic4sfp1,8ln8ddsg,jly5umm4,04pccqv7,ge7ts0y1,5fe2b5k0
rafx1e6p,aeiucfdk,sbwj11dx,3ar3drxi,vgx24qn6,g3l0xddy
56e3or5f,s2gt2vtl,rv3kyi3l,ar0b2jea,fu6t25wx,roqgw9xc
dl01l2lm,3vkh7bhd,qf7ruhux,47bia7yo,bbuy6he7,irdolonh
ljobogml,ohndjv6j,h6wq3785,bm0b27mb,k1gt14yq,6u2vfvtn
widysh9d,h6spyjce,73ko7qmx,xtm8nfrv,vwrc6qhe,biy9vvvf
iavivqg1,s5uoj8pc,yt1eaa61,f6ofw37a,m29qg9if,bxxbmsf8
kh1d7yk1,jtp63x9s,cp9y4eri,uwxfp177,p2sna5w8,jprlv6im
h9q9dfy2,pecxdpw7,8nnktsiy,lb6kttw6,fgan5uel,n6yh23wf
pou27j8x,du8t1vur,nkaukc6s,19ysk4p7,1iixr51j,xdrxdc8w
s0ckw196,rxrby4hf,1tkp2g64,n8qdpmc7,n05h8rkx,ou5hd8p3
s9mwghjk,u0fnav1r,n64aoqum,e1djuffs,vhbmem61,2eodlg3j
cu84s9xm,ejm7yibb,jold6xgx,palerw5f,t1in34p6,ay0m1qj6
9tn39gy6,a14tf0ek,hqu0acgr,2u3wmwqc,hllp7akw,by89ca55
2xys6f8m,hhp4rhxn,g8if17mv,ll6k6qh1,6r0j3qk9,aknfcdkh
7pg3htmx,dk3vvc2x,nrg5h0k4,ibgmae7f,a1g99ueg,q3egyf2y
31q3px5j,timuehhb,8xn5g3gb,u1y7730s,c4pbdpgs,m080jbhc
vde1mjmt,3ts0kfvd,lt9q1e62,rvfmy4so,ykeri18n,fe880lml
e47inbty,hmdiakep,8mhupmp8,h8hvk26g,xrg4e2y8,ps9qi6py
l1n4e5um,gm4lrxvm,n718jkkl,u88ftk5p,5fnkktpr,6gshthby
bja9yghy,dnv1dcqm,vaqs31yj,3rc5hvlx,f5747si1,wpkej216
wento5uf,ktkcljkt,o0ks6vtb,0o16wr3y,s4eov9yt,159pf5xp
feiwnh5g,e6oik6aq,8xe2035g,51bbb3yh,wjt8w3wx,4afb1x13
99rl751u,6e1f6v4q,hryvuhvh,hjrjw0ou,akggmku4,rm6htjk3
30t398s2,xp3clsig,i8140y3t,h4sh7asr,rikcc2m7,81aiq6dv
wywx743o,7pmdqrei,ue5idt4t,4mb7gtka,me5l2g04,hs7yfr74
m01tdxrf,kl8yp39s,mcsosxwk,a6an2hdk,8lkx1wni,8mys2542
9g8cbj7p,ew87gl2k,6tnjscbm,pwha76hb,mux5qtl3,l8h75get
x65u1xea,uw81k1ir,hxbqqb8e,tbn8xaco,8mt8vls1,i3bc2i2u
wfjnxtau,xlygbxko,0wxv36fq,7jmt98f7,7mb15qev,j2h61tb0
sppvj5c1,crt4d7rr,lhr9gsac,nwlogt2q,mxfgtw0o,904l0n2m
qmfc154n,t76snpnb,bnhnu1li,bcmfxsmu,i5n9gooj,ac2xid43
01b4guu6,rpxanj75,f4mkgho6,vq8mtewb,adcrgxpw,slpa2ljx
0a4cxyat,grn7x1gl,x21h355t,myu8dg9v,ljp0r0ry,n3lgre3y
k242q2ej,evtx7ury,5k7kfepj,n89q3fnd,h4952e3b,ww731t73
8xakiy8y,90h4i94o,wg3f3b6x,i7idxr75,qtlfnk89,3m2pjdy6
hj82nbwr,3r2c1yyb,opilme4i,7gmo1ty2,plkspitw,wurixhvc
nfcmhn2a,wrwhix7q,9ncf6mv9,fuup9w0p,bttj6hli,34sdqlo7
igqtljfl,mbwyi784,gfoysfwp,jpe9sjxs,i6mr67n0,tcjg27fk
t6j338ra,ybw2pbg9,38jxcx19,w7r3hjv1,kmmtn27s,v91xe08s
rhdou1sa,jqpdcmkd,0p6m9e4l,9un1wufk,jjg30gb2,jxuvhaxx
x1vyskis,f5m7j60y,qyvpe3sr,6nkd5ybn,kujkgqct,3kaixmxr
1b2ayftj,8aiykwnj,6twjs0db,5ry0jogt,1rgo7uah,d1t0utec
o1hdbo5c,54gqkv5a,q83hgtxx,a3lbgkta,et3afryi,kq95yjbl
jevxipel,kllt3xwc,6mlef8vl,ue0apumy,14raoacr,2k5g3ils
26k2yp8q,kjo5ti6j,1qefpm08,pdtmds0i,s6quto66,b7xhmh78
gvywn5rt,lub1gcki,u5tw0m57,e5uf646r,jwcnhmfs,aj5o4dqe
g7x3hcyi,btxq0j67,m0e6u0ph,kp02irty,y7wgckvw,8va842y8
iu5jq9hh,1swaxqbo,lwrd6y8q,dajs32cx,2wnrh6hl,ecjn97m6
xeyf0w7m,8s33x9c9,1j1g7qx3,oe8cyy7w,rssrmo9j,54jr1efe
e8mm89eq,thyc9jte,a889wj6x,jc52hpvw,qacw649v,06etafpj
5hixa9ru,h2aqdd90,iqllrk7q,s769o0eo,1lpn0b5v,jfygm86e
3rfpdowf,5ew10j70,8ar51dkk,23nj9awc,o6vxy2wh,rt3flbfw
hpa7crcw,dqqbhxc2,mcc8h43f,8ck7ulgm,o73wrv9v,xdlvqy02
wxa3reky,gx21eta8,wcq09mnk,pkrvapgs,2g3jcfal,pg9cxsot
ebqktd8t,su808jg2,y0501iv3,cvg4j22b,j7cvm2u3,8dtybtpa
ewp8cjch,0nlfq2tu,ghkymrvb,r4ylhm73,hc8uy4tp,j7puh6vt
lgixi9bb,4acqhynt,e0t2hg83,p4i5g24v,p8o77bbm,i0dbxsgn
l1qk0afp,ssiuuflt,avnrror3,4jab624b,nda0o6g7,q8xy2hil
8w8chab6,pvxk74e6,ck5jiudw,vk29bqws,ypgtoewf,k7cs1375
cv8ckbtq,mhtsekhh,008bh8jo,0klb8ydw,0cccdv5t,r8ekgd6s
824mywms,aq1rdxqc,w6h9ptl3,97vq2gm6,ptl5386u,oq6l36h9
p3i1ibii,08jqgui4,ed0euxfr,0x6qe6tl,6dy13lgv,p9f5kuf6
l8utwyat,tvgs7moi,5kecuj6o,0ho8sryw,f0akrej7,k3j2de0o
tgdbjmda,p0gs2c8x,rhq2eq3n,qm6ylxrs,xicrgb12,vuxw2an0
4oqts850,wmft2rjd,nwybwoq2,058ou7j9,l80dwube,sw8sy4hm
w4614ldf,wnkrfobe,qbd2lvxl,17ttibgo,cfn43n9r,0k1j6um8
ooxtksmv,e00a44lx,jllmp6wr,9f6bo0lq,4ytjvylp,gklosll5
32j2eia1,txt4xbar,gkwg5u9s,drtma4ji,b28r34o5,l59vn0rl
yf87gshq,o732th5i,fvfrr5lt,umvaq9v9,sottn6gi,8jd2qahu
6xs0aghs,mmgpm5ml,6m50sulr,2tu6e809,btmi4ku5,rn1l6vw2
yxsvupue,2ul5ext0,x4rjor3l,tvmo3hyt,rch3aulj,bt6g829t
o2di5gcg,3pvmp316,vxtr8hfo,8c5hdcjb,1lggyuvv,nmn7tnhs
505iuud5,mkmnfwds,a9pq5lp9,hir1pis4,vvd70er9,q4l6x9lv
xi7678qa,rnfbpxpo,7a8tait1,1yeqfu0n,o4o637af,7ev466xs
94c08aab,qjhlgcy1,cpjgy2p8,su20mews,wci6xc2j,1o6hyq4k
yjpkkp4u,c6rlp3u4,1miy639e,tvg9d5l5,dkjr77qs,hcqgcumn
mx96cy2f,tdc5iq41,5ow45xgj,s5udm5oh,6rv5irn9,mf1c7cq2
4t53pphq,6wy00rxg,jw2dm4eh,3a2e3c1p,uf1208th,vhcltrd7
m6kj646f,4yfeqva5,fnxhejet,nfr9cbwk,limru5ib,ctowdli1
fhsuk8wu,5rasyklg,36njv6pf,559bf74f,t8x6tslm,xrsekw04
xllsg6cw,x1jljw7x,xjgrofcs,cvdnlrda,rtib4ru9,bn11b9ny
3toqmvvn,4nhkwy1t,gvk8d20p,6amfxxj7,0p31rb2v,16fsa5c7
ctp4ycl8,5rl54mw5,yw4ihlka,eb91uq1b,bmwmf2bo,b78c2b8t
4sdoglka,ygn9o3vs,magomwvl,o2q0ukxr,ctwtxecb,tdjfoyi8
2ncdmq51,efcaj7pf,j2fujy3n,pt22koku,d9kubdag,ifvw4ws3
gsv1dc13,84gc5hr1,t5vemdyt,q6sftvcy,1i6lfk62,9ejk9dsi
n4tgaskv,4f8gq907,uo6j1fuw,r31kgkcr,nu3q02td,a32jegu9
qmj7boxe,1n9yfiv6,6syxhwch,okoushrv,v5ox5mfh,091kdy3s
jkeeqr0y,oxxlqbci,5vbehrm6,p7g2cyws,qr4strad,qdad9ln9
w09tyovi,dlo0geb0,86v3si47,2jjkibtd,twd5yylb,v0329je9
hj375cbk,ssg37wi2,wmn4tlpw,u5kngy9m,60mn1c8t,evpg1di5
hldjgjhu,fnyhq42f,y4ji8cbr,fu3ucsha,6buareon,mqn2akv1
3pyfh7k4,hulootq8,tsqad319,w9t9w2i5,gmrxknpw,oo92vh14
5621g4xj,389t1fgc,yudx2whb,kgsecosj,90l3eosa,1sdhawav
oy6ljc0i,6t28vj38,yj1pv9n1,4r2e6mga,0guh9vb2,dde9cnr8
p7o28vvn,7rxg4xnr,is5at0ip,kir691u6,p30po6i3,oqs4qhsk
8ewon98g,vlv13ifp,opqrj9kh,fq1slafy,3gc2wk2f,eqwf5jnt
o6bm8k88,j6gaflvc,mrjcidkt,s9voltie,n58umery,wj925ui1
yuxncg4e,j2be2tkx,e6dfbm25,40or7i2q,5rpk41bd,qn6ofx6m
4t6t02dt,e0tuvl0u,5r7afskt,sg03tidk,stffni0h,kioge0g6
gk2ru5h9,n1m9qiwu,4jiopxv6,9560a45v,18kvhhf1,oax6ygua
0i31hkic,q555t563,kco353rk,k92y1co6,vu5s544a,8tjkmo12
ialys51d,gcbexgit,fkbi42vi,6v9b9sm4,38ygni3n,v1vn8sja
vqkpgtbr,8ihi4a5r,8qs7yg1y,nmt883eb,1bdlpgce,lnd8gsxh
x6lb2ajt,3e2dkkkc,h7okidg4,2maw9ey5,1amlhj8g,7d0inktm
bf7lm8b9,thggnur1,w5hix5v0,80kfbmt1,v5d2vs4s,qkghqesi
ti0dt627,dgf91mth,efct0wc2,rwhe23h1,30wsogtq,3h86g0g3
lrkudcs3,5hairo6w,mgx0j0w4,x16rgg08,k6k55ksn,sqpl6gtr
n9n79ylu,9qho3kkp,22wv6cp4,nr9kv44u,gg38k5o3,2lqvy5lx
qx2fa108,uvs3vuhg,dm3cugqm,nsyfmv6m,ks9seqn3,ev1q0u8y
632iw1ee,mlg105aq,413ipxru,akdku70s,0hqd3m0n,ipfcy7vc
1ebes587,l1k21798,rmn8tren,med9dllg,f0lwoiv6,b084wrom
uy8bejo6,3wgy0pd2,h1kqh5t4,cmucn3wa,56eo38lc,jq92xu08
5bqm7cjv,b6idsmyp,xla59gw2,sb1vyuik,7enkin5b,n80ieim6
63qegnip,g3wt8fo0,ui9ku47s,0ipvp2oo,layhw5sj,vlpbs0qf
rb084by9,v3hhrxff,i8586cpl,9ett2i79,m40fa8y3,x4si7rqc
xqmqmksb,yro6ipfq,2nl4deqa,13hofogn,dsjclu19,l90i5c4c
sgnsfhxb,rwtq258f,1lgisgtt,5o1xp8iw,9yaat6kj,8hluqpjf
8i22bm2l,q6itw8w5,5ma77xg9,l4f8tgf1,ykuqv8cf,76ltg6dt
g1ornjj5,n6n7r50e,s17vd023,v5tm67ku,80p62rje,we5x5oqb
95sblkds,6l3ywwof,488urnne,9o67ugjy,uieku3wu,sxi21yib
b9tm0ct1,ujrmso4x,28l7j9c4,3utw6kr7,5vgphvhb,aixguts5
vhc7x1kw,2lppr488,sv8e5e63,v3jvaiq0,lneraw00,ndi804ry
4t8d6o1d,9aue7ggs,g59djpap,jg2nrt57,i9xshb7d,tipe54c6
rh3nnc87,o2fbvqgf,023l6c7a,upr9tkcb,tsm4qau4,wu6jdess
dnudaepf,fs83guas,w409axko,20pob7oe,aqcnq5b5,ny5lk7k4
dye9gfow,6jaq47px,aeomatxj,xh6ll07c,52axufxv,19r4npqk
fnj6ysg1,c31iirsi,wkxlt78n,c9692o77,ilcbmwiw,ptumt5hl
i48snj6c,nvy3ehbh,baf7ms50,iav9nuep,wqum55h0,v64o3raa
h0demh2s,ai9fjvno,mc5rwx1r,u7yae0d9,s669uq4q,gx2kia2x
qoi1k0jc,wlk46fau,vfphj758,rp47qpey,91kn51bc,7i6y8sck
tdtnc4si,ktgsh9ec,hqjrbq56,221wtik1,2btxaxel,7mkhwkp7
tkv8d214,11558fos,ujjj77ak,nljja9hl,ys4uu2mr,icsvc5ct
mmyirv5j,0hlswpac,niadn3yy,1fc2310g,6ilj8pka,6j71jrq0
tx0glx21,pvmmcnno,7l6cb5xm,4h9wpy35,5k631grk,sb4rp0ra
da0s8tek,u5awddi6,ge90sxw5,swhuutyh,ya66shro,n5hegadl
fhfnouj5,efl1pvh0,omylq7k9,41k446ic,b521vflo,0mnnojpk
b52lxkef,fcnl67jj,rosgdtvf,37hibujl,eq6kmkxq,gsot7018
o0mpruoo,9n17yxkp,cdp2g2w2,0lsijrwx,xsck035d,dbhyaq6k
qme5vunv,e92s3njw,xr0rptma,ckbwceou,vpgvt2gr,ngq9xesr
o0tkkmst,ib8socvk,10gxvf7q,yy67v1xp,33ypnq98,cgroon6q
ui3nrosn,cd03fkrv,yscmqwfm,udaw0m9s,mqkivd2a,9d8t0x7f
7hkyk16s,avu8usa6,75v1rfwe,i0x77t68,x0l8665e,7yd8kcg7
qiudyujo,hjl18tl4,nlwnfrsu,pv2cxukw,pemvk3dn,p4kr0vjo
5fe6r1iy,n27kbfai,jtq5qw53,i6oploak,i42g39db,lv23bnbm
cfyrmr06,hkh565ay,xor44a2o,21foa9tj,gkhv6gh1,g9yuncko
o7nfes4j,du8dji6e,tg7cpwgm,geto0uip,9fmx55ai,rqdqgfgi
bdq1okjv,c6rkdcgq,wugv2po3,ftj6j8mp,bnfa97c4,lqy82cvs
6vyfmht8,hurqgbts,o1642tj9,wxrt33q0,4te783bi,ncv2aqia
cvilw530,tmh7b8kh,21q4klei,cs3vwx8d,339tcni9,xjaqo73i
q6fxg380,cqx7bvyk,hkihomhy,3n8ssmth,ctidxsva,ssx7nxmp
44b7d617,vsc52ccq,kfm54kel,49tk6q2u,uewb93tm,q2q9ktn0
eri2p5b6,le8f0itt,geuyqve5,nna1n2m9,6bvfydmq,yb4sc68d
blhfdemd,9tfyfpci,wpoea217,q5oybdnx,qca2j7hc,bscoarwp
85db1pxp,w84kke9s,58op982f,353is44o,5uyhw912,wwkfhbb6
2grt013r,pj912b2y,7abongqh,lsc00d24,hcrp0m7i,8vmxp1hv
xdwvy8gy,pr6ugg51,1wkodxmc,mtesqxxe,d3b98fuv,504isjpt
y8ess32y,jsfpjors,ueimt4gx,pw3putrf,fl78krrv,xaoonxsu
4fk04n6d,3cgij2n1,dmtcc90m,sgcnhq3v,axfw5qx4,psho1rmg
p1c2xttp,567fp5dg,2x0lsfpa,265b9ngk,taaxd820,2381lohj
it87d77f,7s54y5eu,c2cbnphf,wteheydl,e6lw3p1p,2co84m72
dcv1sn6a,9541cju0,yh79s5bj,eyxygg9n,e5o2sljh,l5b5c2fe
y622025w,5mo9jhw0,ah5o2k9v,osfkhy0c,nym4eq19,pesm2232
clq9emxh,7ostdj37,murwetau,i5hsmy2r,910cakpd,4irmycr0
kbfc2kdd,id7vlelj,qtp81jdm,nergu6u8,og6rw9nj,ntpas2y4
oyiff8d7,k0emul7s,64t8iy4v,ikf0xxco,edoro86u,mkj2xdp2
77d3pk8l,fmumjcgk,evsiat4d,c8mtev8f,elg7ocjh,rb2yxube
myw6282q,cddsgkc2,hef7vdv6,9gt63ulc,swv2ffjy,7x2grw6q
1twm31jk,29hc7ems,q8q1l94h,52l539a8,37ms0wqe,ftr9s7m6
xrl6rijt,okub98no,ijwywl04,tfo95s3r,sxo59wku,oifvq2eq
qc28xb6o,4fkc8n8t,ief5q16a,drdeqbv7,8jnwb88l,f5vc0fsc
q45033ju,koqitiix,4a43c798,foqtc6el,las26mk5,072t4r1v
prvkdfwg,vy7ui5kn,vjgryaio,aj52pq8t,15n6uubc,q6oo40ro
9m19cww0,3tn8mlw3,ygx0pogd,2ekl17re,sbx13p1i,jlupeutx
ddvljxap,xq7cp83n,uludd4i7,b6o5a4nj,rfm7ds2t,sxwrpgyq
o38exr03,e2bqx9s0,jegxhie6,n86w7xnw,gynjwwmf,r2tbvmj5
nol194rt,mh6krgae,9a3971qk,59cj267m,6j83l7v4,cve3fi6p
tn3xbw7i,5j683ijl,f2ea5ji5,6p8s6exf,47nbjo2x,va3aja58
ntysw0bi,upfb231r,22qohvg0,997pvh9a,kwyns2kr,pyseo2ki
3scfvbie,pfus41i9,ek0yyujy,df9b63ga,4c1vgimr,oqln7f8a
sa4n13jo,hu22a6mw,o7clr3mq,nohfu8a8,4uqg0kc8,u6d720kq
2b9vtof6,scgvgyba,7hk3lhy2,ij98iwc9,aywahuhh,d5ogyfyw
6fsf72tb,aqw9wby7,25r6c6xb,lvx172dw,t4ll3rg8,lpysnofk
wt2wuj23,i65x2iht,htn1eruu,j6lmn9xm,yxwk1jq0,3gpue9e7
mobxq21n,fg3r1bkr,ec8tv2ax,us6k6kmi,4vymyc0j,oph2pcp4
u6o651xn,dy042824,xg6etl2c,4jwysfy1,7i6e2isf,8bqd4f7q
et6r73hp,qvj52omy,mhyh0pyv,x9xdbt4h,ychv48q9,rx8civuw
vkjl3twc,3r74yndm,r490mmsd,pg2s7pyb,8n2m6ens,r0o4rrm6
9l6efyx0,5524psg1,vky3qyek,p6g1q3wy,1sdiyc06,thdmhq7s
fgwjbslv,4k74ykqu,4w7f5dl9,8vh50wha,jpcbucko,yih1vlbv
13183erb,fxapocus,8ujfta94,t7sn4t0n,vo31yi1r,d6abk4tk
um3r8hx8,tu4ofrlo,1diq54wf,84jh9yxp,7bonh42w,ug5dbkml
qhqk3ute,209xsk6v,ruhtcruf,pgeh78xb,yyylpnk7,unooxfc0
679amu1s,l75qkrit,gc14eb8b,wdhdrqvg,ld3u0lol,6g8to9pa
3w356r9s,7q75jncd,qdt00ro3,ubf944iu,fjph6sap,v70f55mv
e5tein7l,xya3lwvx,fvn82soo,llx7fngy,dk47rr51,3tbktd3l
wf7r9hgt,54ixlaw1,hvrt56gd,15j2u0t7,my3yj43a,gvy9aifl
bwqbuodp,5ne9yrnj,q4ikjna1,tk1ixd5v,ary73f0d,7pkyqams
mdf4ewwd,xgn0g8dr,8jgcqgos,a50k4d51,n4ge9vsq,qj16ca3f
ue5w428u,lwemodva,a5tpej8y,ghd8xe44,tignnjgj,ws1xm7dn
2xaqfode,v56nm06y,njl2301p,5iu4si2f,qj59fpp0,yskhd09b
b2dxtw3k,qjbd0sb9,ic6or89k,bhhg0l0m,9qapevex,76osiort
2dpf0shk,53ndh3yq,7l4ndc5c,ibktl052,4mpsx2og,w6f1o4e8
mc8v137s,anv3bm79,dlwm23b3,g40yyyf2,bdrjfesx,mbsjh7b1
ye9iie3w,qjpvy4ot,rvh9qils,dp1wtmxb,fhjhi1ig,7gsywkdr
7rmyls6h,5mfpbcgy,xb93v57s,6m5cb5gm,lh2rbx7t,5s9yxuoh
jjavrw5i,lsemfc98,ge04ba02,l0us261f,36ehgi9s,a2uw057i
xf6s6c02,inxlmg9a,6o79esm2,tswag2kv,nf9dl9cm,rd956dvr
l492sk2l,d26nt1yy,y1u5a4xj,x7jhl37v,clutbqhd,2cp02ewy
ikkev71i,057psogm,un1gn577,qwtafql8,18fowphh,hsec8elk
7a5y8d30,babvxqif,kmddtngu,8hdppn71,vsu9iioo,qgvoeh16
wrr3vg2y,xsllou5e,jm50m2u0,n424lq6h,vk8tpcco,78duqpo4
2yw9co6e,j7o0inhi,5j6ff7m0,1h705vj3,pvs2xppk,xxl0rs9g
5nfj6fge,7ehrt4nu,n8d4sx5e,s8spr15g,m87bps42,x9i9lwrs
csovghsf,yj5ni0i8,1xjwyqgp,i7c1tnq7,fb7h4177,4coe0urq
n678i066,x09n69gn,7m8lohlv,lgow1qkv,mfp8nl9u,au0esi5v
v7kkkjq0,iioi5dpg,q27rwq0c,3qgs2s82,q55yr2mg,vypbr3fa
im4719xj,jlsoc4j2,eiu215if,eey5fjyj,eiccqfqw,kukonak9
aj0ihii9,o1ba7dc1,h2p4x14u,vh63hwgw,qj2espc2,djuec4su
fhku92d4,80fisour,h65pd6iq,hea79in1,ujm2f2nt,2j1r9d3r
u070yv97,taasgt7i,c8g30x13,iwr2hbxs,r7y33cqd,r1871li5
yjhe66bk,4nr303t9,6apyl7rm,7e8peeo0,kvm3nvum,4pe3y702
0m1ogr1g,292qcusd,wkisv22k,cj60ppm8,7oxbcn51,1xfs677v
u6buj96n,3vcwuuuj,irsej6yl,1y3t0n0y,s7cnepkl,aiv9odbr
wienjm8o,qu8b57vx,xpa69o8m,4rcnmtab,tt16ynn6,dteys1q5
hvocebxi,osaculbo,e1c4x9bj,apv39udw,46vor2r8,im3hfqxj
uuge1o61,po5ojscb,dgkn8ja1,np6cwx7x,uwrcjf6a,ot83c42r
juc8cq7w,crkdq4ie,2qgqlhxr,h6neocpv,1fg3itfo,0a380cfd
eda50tfw,l4rhod5a,286rql7a,xquwppex,xn6ugcy2,5ab37f9y
sn59y76q,ert2h4fp,2gsfi25b,dmngtw9c,37r7bl0n,jaems9bm
sjvujwwo,etto88pb,rhrd2sy8,2rm3ybu1,bjnr5mjd,cvy1b5nh
68cab25v,46s785xm,pq00e95y,ncrheduo,ad7nlbev,ky4t0b9v
h9q2qnbp,cs4kru0b,ajwurgts,5ba4oyo5,6mnbm4d9,82hj9j9f
n6dqsvc1,2wr3sdni,ropcxtvh,p8bhqovp,ygwak97l,sl31ssuu
ej5sk2ax,ermqjyoj,d6qeof33,dimc3t3c,4rnsb1hg,r81qioci
0wdp3h86,pw96n0xy,w69dpgr6,o9su7bj8,86kk6s6q,a3n261dx
qv976ajc,4r7sbyws,o95esihn,j5ild21f,y5g0afx2,p28b65jt
qodnwwrp,qiwrr315,neo5obbv,begh34jl,b346yk9o,iu7nrtry
x5tgabss,0j76vihg,7hvmdj3o,gk83priy,je59g53f,t2v5g7va
tu9ni4gv,nkbd7ng5,oxf4i982,6uqatpn9,1s1mrykw,v24sktwh
fqa57jg4,f1ye0y49,vubajxry,md22xa1x,ukyun05t,o9vnqq2r
k9e6n4o6,nteaf8w1,kcqq4k3p,87hix7g6,p7ms6oh7,w75x2361
d7h0t3r8,219kocjs,tt0w6fj8,1fymm0of,rm9rjb4p,n4yx95mh
86vq7b2j,qka9udnf,9hm4vmpj,52uwtqcm,6g2kteym,q7ef97ba
3mxppyxe,br7sdp6s,yyiq54ec,tq0wsbg6,9elome6c,e0vh0e11
lchltnck,8oblb2wb,qfgxv5bp,rqamifu3,owna3qoa,12xmpodj
bk6ikv27,y3ql8jb6,0ufibtd4,um4h06od,ixbjf2aj,cj5w9rpp
o5cvk5ed,eqs33sc8,n3l38gdu,r7xj9oq2,4y5knjh4,omhfhien
qpguo651,ghcotwqr,wosabpgh,39fhitr5,h2wdcdd8,j2gs31wq
8lwrnxvp,hlt9pmpo,0d67h8sa,cqono17o,d86u007g,c19kr4la
ybp70axh,en5b94c6,stb3p0lb,0au2lir2,2oly3bgx,425lhx2m
blypnrnu,hsykbst4,dx9i14fc,7g9wk0us,uaawwgum,5q5rmao4
kom49ysn,yyq2fn58,b1ugnn1u,pvbb2ty4,xvi8wmki,noigu79m
3qn20p08,pw1489er,gbcgbyb4,5kfj3xu2,i43e89h4,4hmj1yhi
lfi7oveb,9rkwyxjt,qfr86b33,91rdhk0r,eetfvcl3,5b6021w9
iexhs28o,kjpb32p3,f3ylgw6x,uu5y3kio,xgphk0kp,332xjr5f
47j172xn,d3efm69l,lo3lb24q,qvk9pw2s,cr1olwq3,uwauxk0t
thdsa7dm,oteytm50,43ihawsm,vy5cl3un,goeyuwkt,3pgdb5hq
vsg8a8np,0yhvpbh9,8srvbk7i,4glxxmro,r3v9x2xy,32qim2xm
gv1of1ds,c42hfy83,6u399jt2,3d0fybgs,cw691blk,tdnq4bvs
dv6yl9vb,yvl3uutf,17qxxcws,qlbgtan6,8cfhujxv,uwli27f1
6ti4khjq,tdhdr00u,tsrpfefa,jxadu86q,ulwtsunb,42ukvj3w
eis2mski,q9qh8car,r4c95f9d,qh3i78ki,ls3n5jja,y5eis7r2
mbwgi02q,xyghoq5s,999jy84q,ospo1cw7,l0hnai74,0u5ecln2
08l5wqvj,p1ac5741,cqw1eelf,xpg2s5pa,bfm9vgl9,f0rrecfp
mkmqrqum,iuyvgulr,ribjue8q,qp4wj5cw,qckp2wgy,j19owwh2
qebxxij9,a42arau8,mrt67l8h,8qtd2rk4,q742h9gh,eqkx3332
ugdjkxor,2vv7i9rc,sp9teh6e,vf46idxm,81m5p3t9,j4rpsuwc
rb1kr84a,2x9g33xh,ygfdid0g,yg50co57,ufcocuym,4858lr1f
biaxv1ek,y3ax78wi,n8ldlvwi,s7ol8cbl,sfdh6l3d,36rr4bxy
4ana2mee,ly9y1tij,dmbivmkc,x65de8wg,n7pic6t6,ismsnst9
ifk9g2a1,ff0edsbn,owr8n57b,lkolqk4w,xfkddvxk,rp7v00kd
4vu6wwus,4ujo7xpl,7bdh2ub1,tesoc50n,cnymubxx,r8clkm1f
32k0ekqs,a54qhlwn,s57b2x93,qaai8eso,fi53i5xc,xs4iobgw
fbewbr3c,5j1kg7dn,6c9xs1qn,hhq3r0sm,sktmypcx,docjcgxn
brpfnftg,6b9i5a2v,p4p5rkvv,7fimqt5f,6w7d6bqc,t1lvfnj1
wdhybkop,cbl0kxr1,r9qnrwly,t1j9pgc1,ev5qcgr2,2xs0rqas
aq1yqx4n,32wusgjd,cjsct8ja,n9lyn5cn,w8ay3g8j,mxred3qt
ou7ixpfk,dsp5ivr3,jyqix41a,urt84pyl,aimp035f,tl8oqlrh
k5mxbr56,u99qqh5k,hpvu9j5c,lv21y5d4,blctfvrv,ew3b7apg
9wx6tkqu,yp77pqvi,ivrad0mx,q124i7pg,cgbkuyix,0yai5m0s
4a2089ok,lnc7kqmi,ltignf0f,ih80pa6c,ai61l5it,0n5soj4b
221pe651,0v3loatb,o69ya7gp,ryrcwh3g,e7oq3h2c,sj9sqkuf
b38kg3gl,xc476n43,bufvlp3p,9n4tddlv,pwojptjo,m6824l9p
dpjpgq3r,cpgsc485,q8hst3yx,1pxplpyr,r4omeber,0gp3yed3
mt310iqq,jpk9ujwg,uf3mgjux,h3dj3rsv,m3girwtw,ykfec5gs
ms499jy3,2ybe813d,a9yvtg11,glctiavx,3bipkgma,tpqqxl0w
bkdda1r6,hhjsput9,aseti06m,6uvyi2rj,q9x0xlgn,y03d3108
hm3e08ki,dgkj6w4s,7qe168ok,cuva5fec,ersj4isi,bcp9hvy0
glo2cesw,47so1py8,oo5k39ii,f66oif8i,e9of0da8,wkjkftvk
hjo2d8w4,458isfn8,j4kb9qu2,xqwid7rw,22phacy9,bosmom7n
6ehlo3v4,uk69fwjf,47lobah9,kfu0qyyp,c0i2vehb,46bt9t51
wf4i1wug,o2ngrpkc,3xdm2o8x,smr0qcp4,e3a8m2rn,yucgqsr6
4fcsg9at,wig7jlvl,f2f1q5i7,pe9sssyb,mcgijnvb,yj5aljvd
vrj08iip,u2fsfljd,ece0d6g0,q3sb6jgg,d3pcq4i4,aoqatin2
5khbppes,l2wjpkq5,dbwgexx3,uvia34gt,99l8nbae,ig9grg9t
ed7mx8ek,hx9uoqgt,8jkggyu1,7iah17fp,7gyhssxn,9r3m0h5g
ysjpwj5w,fdv226jm,4bs2mxif,e1v3p3u7,bnrjaa9e,j0ibr35o
ns5e4wwm,5yxpspeh,nc19ogpd,ernkf0jm,r8rcbyw6,udjm3g5x
k9xgk7q0,rkfg2062,wr7o9wb8,705wgo77,sl7gc6t7,btfh2ms0
bexbwdak,qolj3jid,6ui3lkyd,jvvbrshj,axsuxarr,2a9icq4p
7iaqm06a,mmrjq26c,wuxsqwog,82yrsy7x,bv5y9wew,ljqg2x1p
0po62ml9,mqy0vv1j,h6v1vmpn,bkim9rt6,4jon99y2,aw4vf5mp
7qusu79b,e0gra6fd,ebpype3r,0dxympgj,mkipfn69,ym4kb6dh
gn58bou0,jp32wmgy,kwyvtc5f,ykf4tf5g,d7mgoxuo,ij7a3qc6
3gvgjp8h,0ljmtahk,qcko4ggd,xwfw6s0t,1dw8ax3t,r8f3qrwx
uhd88ukl,1cm7n9t4,1g0bxp4c,ocl0gx06,pdnhs16t,ikf48e2d
7ryhw0ml,nqh3pjwo,hlm7vs4v,nlk1k1fg,8tbdvpjn,7c0vvmpi
aaopoqub,vclvw16t,f5p1xpbp,vw9i89bm,vvbovbbo,wt497wwc
b28847uo,qu4sqflt,wmk7819n,mmpemcvd,x6xth9tb,km3gnxlj
m31vnfli,q2c2px54,gf6xlh74,egtb79r3,xpwijlso,adxx6m73
bqgn2me2,fsb9ikoy,2y685y5f,1mkv7i3e,v2rt1hpb,fpqqt5uy
9oidek8f,xvdnk8lq,kcr5yhp0,y92cmwf7,ky9wr1er,l0ek1qm5
1udhkj0p,lqeaf7b6,a3he8tgu,y5baynqw,14e9qp0f,qjs4xoqh
gjr2t6j8,uk54biu5,93odwpcw,ufgsceq9,wm1peb26,gqaolqhb
iwjpxv70,nknad66c,cxwv5gd1,u130s7g7,1mxgv7kt,1vchqbw6
mllkdxdx,4cayjarm,y3jxdvm6,a7xy1qqs,dl3stpsd,d1uraqtf
m5eoxu0a,8rkwj25j,kfa1r0r0,yjevykh5,ie2701hp,mefhskdm
0fsoj1ja,kn15rc30,dlw4l7w1,u5ki49u1,0qfibbd2,76f9smjb
4e3l52ye,kj4h9xrq,c8vw66hg,reayyr1c,mqldps9u,xnitue0q
49c4ipfn,yak95t3d,mldrlvdt,mhwfwiot,ct5bvg0o,8he1crqi
56t379wy,kc3lhu1n,l578sol8,hd13ya90,fp22hdyp,jqpsowq4
c7q2jvw1,t13wlhe1,8it4fya0,x2urll0c,3ksantmh,dm843dqt
fdf2fyuc,4y348soa,74jxxbjv,vu086ym6,ug8df4c7,uel8wrwt
eyro92b3,5te21qv2,fn8l8qat,dyp6uldq,tjuc2fkx,p7ngaeys
l939x9hj,ihqeusqe,26elc9b2,vt4f4560,gimup0vt,s7t21l5s
ak48lm70,lwsm8fy9,rc6dyisc,m84hilpu,4blw33lj,7d6badij
2uix9kl8,2vho3sdb,whdukoph,24wn5kcp,ofqq8p9g,nrc0d7op
hjltxbke,f479a4r4,c4jlr2vv,whu35rpw,05dvo61b,h1oxnux7
lerh4fq9,okwwnlj8,eq2qx8ax,9oqxt8us,252ryg26,nrxfi15j
5rbga0hs,qg4dmo1e,6044b2t1,2ik9u4e1,opjfo3kx,4dybo4i0
ab3jtjeh,v7tl87s6,3pjk41si,w1orrvhw,qsuplis4,3oefev1a
iak91w6y,5ie9is2o,ft9ufkk7,s4dtyh5t,c73wjhlu,nognmujj
jkfq7mqv,yp0hhq1t,i88mlhgh,t3o5ss0s,xwofhorl,3m6jbb88
h4p84sgp,t7tgqnlf,n6t30wc3,fqw3id6m,t0c8hyi7,w74mot7a
mggf0tlg,vlorahtc,e5o19433,gt4gyd7x,1ajcaxyu,qppctt2i
lm7qyak3,hkdv7nh4,qqgw28nl,osxm460f,o9trptju,h7dkdjqy
ywt1easo,nfwpmaox,9xs27ds1,yp4wsjh6,e8jrfj2i,cbaw31la
arirba48,qmq1491w,twtlik4g,5tq6h75l,d8wwqbyp,kaelg6km
mxjobhtm,qfx7mhsi,jns140ew,udakcrhj,6oioog0w,o7oyouyb
mltk4pfu,l3whs0w0,a6qqgf06,mnmrtlnr,jfhaduyo,sfaqxsxq
b8d7dynx,4ojd4shc,1bc40781,k91aictm,hslu52o3,lgqr6ri0
8uaw91mh,nq0xg9er,i1l8m3m2,h7v1ra9s,hooj0d3v,sjbtwusv
eiyt389b,l0xrw9es,tyu26nr4,6nhqeqjc,qas09qo5,crlscmqs
pa6tvyr9,kvih79qb,rhu6cti7,72trb6b6,8rhayeir,k47ds49x
s8wnr54o,5pu22pmj,de16ah64,vjoyx733,ljs30qla,k84e84rm
upbp512l,yv3shl2g,bk4fiw8u,opt938m2,a7ycn4oq,b26ddsv7
ocd4hldp,rt6t5irm,s0v8hj29,sk462khy,a8pduixr,d1f3rhh0
wi70qm2w,qbe1ikbv,w5h8iu1n,6p6s9762,bwwlrnl5,ept1x7t2
ihwnkc9n,caivxro9,2r5odqob,fjsct5ks,pa68b7ex,bd8ja3r1
k9nf6y1b,vhw4pcue,1yginc2h,k1pk6h4c,6ta5m4ql,im73dequ
xrgtfpid,2x4hyy0h,obdoq3yj,7e8rxep7,2x55oljt,ponat112
55wlwlkg,m6trioqw,2e1d06vs,8n0g7ekh,fp15op2h,3bmssgaw
juay9g3m,553nlmal,tdmo4h92,4006sh4o,jl6g2yrh,o32g6lxd
kymt6m2k,esahucer,u2p1m54r,14c28nf0,n8jo8ocw,05l2w17l
qeu36aaj,ovx8bb46,u40qprsp,x4e0j71e,3p4nfbxu,uo9nr0h7
emadiwdo,9fex1aq7,9ccjjw6o,l1gaty9t,rvwhx3i3,ig1bxx1s
6gh8danr,lofps4k3,p4vr56lr,hkn3j38r,ml28jok2,s7be13xb
k349ub2i,nkt57bvx,sbr9gap5,86pbfesl,y5dxwwmi,optpqkbc
pgspcnpy,viwmtq54,byku21v6,h2whj51f,gayt0lr0,o6h3cm60
r0p8idps,avlqjigp,l2qeeyug,xxp9pa3a,rx9q2yjo,9tg2x19e
cge9djbe,w4rdt1e3,p16fuxm0,ju7486sq,wi28nh3i,cqmwnhpw
d2mva9yc,6glxwcrm,9gbhkrby,mjugttkm,7ga29k4r,f9mp9dq2
godird5i,464v3xjs,d95lugwc,whowyo3k,6x80v6t1,163obmjm
k0a5taph,bthawq96,iwwapuf6,pflpnybw,gbs663yq,fi9ggteu
g428n5qx,s47bi339,34y1y01s,qgqt9rv8,pl3lg7lj,qn9o0w8m
po3vl74e,xwl7r01j,ectofxtj,s3317frt,dldf4wnp,j4omwid2
25nl72l9,h4usyxml,i36yrwly,5dd8vcdi,8i3nbflh,6oh5yb75
5w6kc65b,ckfx88wd,rwsfeom8,cdiojj64,gdu5ncrw,fa2u4mq3
krluxea0,43j2u75g,ix5n63vo,64wsqqt6,99drasnl,ws1wccia
e4yxxhen,7cpe4qb1,48h7go23,uxataqkm,5gg9jga7,jpx2yjtk
855pvwlb,s3iyw09w,q0qfl74h,9y2t3iah,av1l64og,or1v11wn
wo4it0mf,3fe33a2w,vb2fwjme,su2krrww,7sbuyxig,xa8gpca8
f1nbatam,99petbv9,11b1hu2v,e77ga7ub,61c12b3j,c3ul35x4
rd0ln1vc,6gxrm3qh,s31q93w0,xg11jo70,o78ncf6k,pj8dd9t5
h0hmimf2,5dvsb6og,9eqxiq4v,6rtnm8oa,hgmjd2t8,ngy6hqkp
eut7aht2,syu6wl5v,7p08219g,2r9l41lj,ceh6emss,sst0i5mx
0ejadqco,arsrxso6,wx6t5y1y,jpqjj591,tqjmf0hc,uoeujtxy
9pyj9mmt,ro959qd2,qdvy43oh,hpii4kuw,dmhljog0,2uep05jv
k8q6mfey,o06txulu,q753cdoi,5m03n7ld,y27o7x53,xaq2n8j4
h9pehmim,y7jh529t,j0l3k90a,qhpjqlpb,ape6cbkm,m0nb92oa
1v3esd3y,y52olbcm,gwx1keb4,u4ujcwm0,19tjo358,v4ulmrq6
3yqtctxd,1qn0ytw6,g2me0tgs,wkr39cvl,5uxwn1jd,lynir1c7
ure9snpf,l6yqesfu,fq64fhpm,h7g2689t,s18ypaln,lbyf7vgx
d3l1hrxg,wlgpwb1x,egic16uk,smi8xt4d,3aqjlywc,tg3dqse8
ckabwbl7,00vm6gn9,mp240eao,065tr5ek,4fjdn55y,gnk8334g
k8lbby9d,9j0bnavn,cg4dq7lg,upl1t4as,867jwg4v,pvwbidmr
7263i53t,nfrf0g4r,c6byderq,sgmqtgqc,jtqcafi5,piv2qusa
11v5uqfm,xnoh7v5q,fwljvwoo,lpn74yyn,28ccgv30,ngb1c2vn
tc0mnmb1,hhgijxud,ciqk5yls,7emfjv6m,mtdmkiq3,dsrrdvp9
lu4acohf,gqyk0cnd,gajsdjwp,a6cyirm1,oms2in9q,asl4as7b
vyvw7o50,9fnkpvm0,3o3luqii,b20s1mx7,1g5ix1e3,hhb8kr68
ncsk3e91,8rd7ew5k,ql8jx287,rxagcheg,bq75138c,krwqtuh2
xmjli0n0,3elck67j,47qyaq3q,prhjy7ew,x4dbehmr,dy2kp3s4
erf3g53c,wa64ax40,wmff962o,2pp6138t,51e55kvl,64dh0lbk
q4xfa943,q9f56p8l,mqykkmeu,9fmsps93,fiqd58l5,e7hhow34
1i80m5uc,1ut001hc,ba8yrvp9,hwfuqfgv,ai8iewnh,l36rhtfy
8af9xpfs,id6dckjr,bts14ug4,3b59dbw6,1juhwi2x,xfa6v8fw
406njbu0,yiber5my,lonl0wp1,bymt81wy,vjhqnpgu,93mbmuyx
krm82aig,ibs6gldy,mhhje4y5,edmiydt4,yag1jyoq,d8ch7hol
ssmfebsd,4t46asws,k79uxwvc,k0era093,tmupn0hw,8257as12
ccsv0dfw,o1ec2dgt,hdsa9jq5,8g5fqipd,qxlyftlf,50lipwy0
l0jsoyuf,9qwk6tyu,mpyie5mc,u3yi5lus,fqkw994w,cxvjdne0
s0wevanx,9dlkf6bo,1sry00f1,wikgutof,ltynfyef,twbnecnb
9ku3dbx6,1vrdkf6n,gf1kagbn,ghm594q7,qwcgbir5,bbc0h0e7
7uc5l7c0,9j8jd5cj,ofqvsfiq,etjfyd80,56ebmtc5,xgdbkqxi
h5exhrkr,7mtk0s34,69xltpko,acfyhp4o,eoccpquw,daj3e7sh
s98l50a8,sy046mb2,bb0an0pu,ojj78vpc,21ufvx2a,945au5ba
3hp6xe59,u31auo4l,86lo4s7o,hb9puuk1,ls66qp2n,5r602p7m
2r7ugtf3,uqoi6ghs,wnvh4w9g,ow5uwbdx,382wft6w,24t4p7h8
ufj2owa4,nrqimjhy,hi835wua,auvg9d7a,ectegwdy,wjlclvge
g90s6ovr,6p1fyugx,k6w2ilch,lr02864t,t02co480,cjnsn3gf
7soey8a7,6kwccool,aw3l2403,9ojae3n1,shyik432,dyt0yj7d
u52e6bxa,78slrobw,aikmcxyk,45grs5vc,bqqunaio,c7ix37eb
sfnwcg9u,0taqhfhl,o97yj2iw,okqr4n98,6uk0qn8s,0ie4nj00
xgvchpfq,86f4dqh1,ygrrfn29,v8ibcs2i,ost0fr47,byblboje
u6rlm2jl,a8xcncae,a443cryd,bsxwiggb,jtt8evda,on3asdkm
kndrh3ro,x77iqk71,gargstid,ufqc8i9y,8bsffuin,iuk3v9t9
qj77ebl1,uiahc9jn,mbk7wk2j,sxjqe6ws,19n5adcs,lj6gbs2s
iiewwurd,48q0fbnf,429b5c0b,uyptrx4i,ts3d7olv,ms62v0hh
b5b9vu7x,fp7o0tyq,s0jwgqdu,34t83bj3,f7rqbbai,yynnksk6
1mu76nbp,2flkg3gt,2nupvknx,22kk7o3y,cq57u8pn,t1ng9hl6
mt9qeldt,639gyvmt,kywhycu1,yowa1ico,6h0mt8lo,fqc87x3s
9cja795j,vvmyxh0c,uab3w1wc,rax0qt7e,xtd1344e,78d9s38m
i0br3no3,cxmfnifb,9wwtq1c0,0e8hd9wa,w3fxlnp6,tg16xm3t
b493hsp2,vetci588,ex4royxd,45008fe2,99llulwe,o1ybc89p
aue9eos7,xpr272lm,8li9sdo6,u42v0x4d,3q1mrwv9,lts3wadh
klx744te,i3p5wb8n,u92u34e0,xi93wxgc,xww5nneq,melh9lf3
itcoxfq6,xepftj7s,ojhca5ry,dkyf7qjh,4qi8rsyc,x8ofjev7
dh5m6mre,vjujymcv,ygbp6ry0,9vh99fe5,ff8whv09,4tyg634c
h5h7bulr,kt8gqyj9,cirhnrh9,6u3sd0co,09k54l2g,a38k3osg
3ab9wtvi,9uiq4iwp,m2jpupev,svodvqxb,5vm694tj,dp1m59q3
iiwnvhmv,xjbjoy8u,ygdidjth,ywafqxaa,76harbg7,fx4g5eck
sv59qlpw,92xoyi84,vyr2634m,5x9r33w9,prx9h56w,ug6qmo8g
9rbgtbtx,75f4rt8j,t2t34lre,xjmwj3x3,h204s0os,3p7rn65c
2f9lpscc,vtpakxye,gsid841i,iw0u8erj,yfwghyrv,iaoluatp
4ybmast2,ah9wr57l,gxulmq1g,g0ydlmi5,occb77m5,tnpks8qu
yeeu8wqv,2p5m096t,opjmw4xa,lyf85tdo,vl2bpbdk,kol0lrwa
8gj9mdst,fii705b7,2nxqkp9b,thyprd7n,xdrifgb6,oqhrnkcy
sn9rsu4m,jrm84toe,u8mvmndk,ayjcg4io,o5uyytbe,9ko8x2rh
efhfwqro,vexwvaq8,pgbhk302,d5xucw2x,4b319twc,8p3ua90w
ncap6d1j,tmxkq6ke,u4wevovq,0162quy2,c3yn5x2a,tls7dy5y
yu397lnj,fy7anayi,rvi71e64,n1wpos4q,em3kasok,61dod6u4
0cjc93ym,jy1ws1b7,8ibt93bn,6829u72o,t9fn63jl,5ppil98f
gkx46wvk,og9fw0dx,bkqq7824,4j7niijn,7o6ms4lj,8mpd387j
cagl2e3o,jmmkcq6w,yha0ovty,4ty3fa6q,2pqml1dt,u163igx8
vfyo7vht,wgg2a97i,o3ukr6ql,jj8jr97e,6awhe4p9,myaxy43k
xmr8dvy4,d4c90k2p,70aghr2f,1trbh1hv,iqmekdsm,x8n12ouo
dclywwn5,mdibu72y,52rqx4q6,botwgm8w,rhxm2jvs,if3yd4uy
2pjto7f3,p08o0ckl,025dx34w,lkmq1qde,7frg338x,hmlhdm1k
2i5yjnpq,5sownkr0,119mryxk,q2j1h5ik,iuffbxhs,icactand
qiteynpi,iajbr3ol,tio1pfcm,0btuimw0,lwnsnklu,nd722uk2
u33v2wfu,mjuhy6dr,oip7jqwc,ev25k878,uwavjbnj,2ntw0ktg
7oden7qw,rbv504tp,490fesdb,t4ob09r0,q0f4j08t,ebtucgj0
rsbakulu,bs85wf76,1u6ql3i0,vfjaccx4,e50aro4c,63r3glif
a18m3c20,5vs0ippc,dv7a0wvl,jauk2fr4,m4262wlk,htbk2pvh
3ev0xwua,fm6b5kl1,kq0vsuq0,iuj6goac,dsti0e6x,qqdyv4hu
3nu2jqw5,wvunhkny,k7bwks64,jxaxyjtd,2ehrwv23,p9mqsjqd
pefrkhx5,o2e1xad0,xuidso6o,8k41i45q,ule0mrlq,tl4pcnd6
ue0outat,y7glq2bn,xnjyqhv0,c5s5r70p,xu8emjxk,vw1bigu9
5jpnysm7,46e64jcq,0ofs0a9r,7i9cuk43,p0bo0j2s,gwxq011f
b83aflty,0t2icynb,d063s9ya,sf5mmcdr,9r27dq9u,gk4qci2p
a18bfran,xo77yfjv,yh40ell7,scopnm3a,0o4mruys,f0nubtf3
ewpt02pg,qjihj3va,g4ov9djg,36mqsqvj,w9cgt1p9,tvg03tth
eov9fncp,ld25bp7c,apft4e5i,fof57iwc,97kdsxb2,6dv3dx7m
pwemay6v,tw1lb8na,opn5u6rj,bpg4aalu,6ad6vs1f,bgt10glq
8nfhu4jn,uhq81hl5,cru1wscd,jm61gmq2,3mhm9t2i,v8sxt203
55kpiie0,y3wkwe4y,xbbvwsl7,u4ebmw0l,fca8mxlb,kxdna3vu
w4lyc6y4,l0d3nljd,wxxpt32x,5a9jp1jg,fo21nm9e,wm1ithhf
a9kqbpso,7peun6is,82xu4jr8,gr58itks,fcx1xils,r1j795d2
saeqx7v5,2dt7at89,p47b9uak,hvmtsi88,rc7sxfsh,o9etmu7u
akl48064,fgnd95ul,50203o3s,hltf9tjf,4hjujgoi,3iwu9657
mf0obiq5,jsmc0rdy,qfhpxvm5,r6wnhae5,w41t78u8,fby3yv2t
wqnja2qp,mwj1i2d4,tkbbwb6i,7fe1ejhx,xxvg754h,kb2be3o8
kbqivh49,76f1oa0u,mk96v2up,r2kdqy3x,4m0tqx97,545tohc6
adait4t0,b10yt10h,4gt9k1uh,tv8abc1s,4wblsv8t,mquuk21a
7wuupwrc,2r4msuml,27fgd1wy,1k4wnou8,etsuxr31,rc8x54rv
7k31w7ia,11svoaaj,pn48eew3,djf4njga,kw3hbg4v,bma9f317
c4v5674y,8j9v9iul,xcu4egul,ggdn5k9p,ixw6oh46,4gboau55
gb27656y,cqu8m331,2a84ppdv,ctn16elb,x1dfmng1,xtca5fhw
kqvc65lk,ckrsy4eb,013x7oum,mbhgv24w,ivr60oa4,2kw6580m
wvg2vv69,ouwdg156,7t05yks0,oxndp4xr,w0ivu2yy,xuurml3q
rr7g1n6s,emq98buj,a0kn2d50,xuf4vnqt,55hptu8c,d55hqghg
51x0cs8q,nisehr0q,exaxqdw0,vbt5lcrt,jxtqr2rc,j9rnshdl
gn2vvxdv,uh5d345d,pksrw2dc,40rq3ayg,wytn83g9,w501h5d1
1u9wgjpa,kd1xovv3,xel0m5qy,328uuenq,0db91r5t,l4pmn2jm
3gmuvql3,ssscw70j,cyy601iu,ocjrkwt1,wq5n3aa8,nn1h7btv
ar6jr3eq,8glce2t7,3dgnopy5,cg9maash,o7evitnn,rcibnt10
tgh169jp,2te0klbb,12nk041t,q642nlbo,saoqvebv,8mk47abo
e5fxdyac,ivpa99iq,gysxmy0x,19uxmb2f,ff747yxp,fhnihcpv
0nubctuj,3nc0bqcd,dyb8ghwx,kabjlpca,6m0a98v3,y0c0367f
dv28glm3,m0pa4ggu,sbm0i8hf,rvxdbhje,7pao3ptk,qtijokcg
l9swduq2,a9nax9oc,1ands99e,bc4ulws9,9plx4crv,58w7ncwh
gd8sjjaj,g49y82pf,wgfxmml7,jtms471y,273k3ueb,ymuqyp8t
nh6x90ch,fw8kflkq,d8kma34y,1uk74qt7,vi9mlklp,wbn7u1u8
lu863xqt,hk7cab4k,7wmokt95,m54a6cxa,am91wksd,fe8g1mp8
jjj6inb0,vfwnrpp7,1pigt5q3,u8cjhv0k,3x4yovaq,cp0bar4i
bcvo9wa5,h46n1g8c,ohwc76in,r5hxrmgv,to9f0vxi,qnevnpas
19mc6db4,2itodmva,t2xwa7qb,mkbt2v5h,228ssqug,uyxcxfck
09r5xif7,sd9ld0dp,8yl06lg4,xfu2uduj,2aw160k3,la965ibq
2pt70m8b,syg5mk2v,jp6k7ah1,c9u2fhu6,fntrki7l,kxp8iybq
25eiefdi,rfgs5gao,axr2nmhr,ts13fg5q,2rw8wnep,3rss7t20
0xe4fu05,9iojh613,7yqkcugj,x0pipadg,ksm7r0yy,1va446en
n63bym0y,msmw91bf,4sr7vabr,8ocjtbsu,aigg7dye,ob89n65i
kfw9546f,vdksnv1p,oc5k10tv,37w3u1rf,u80u7tru,74wwbkso
tushh57b,8rb330aj,cqex3dps,8hdiqjsk,s4gmafcs,qu3ufi94
6yqghe36,gv5gkulk,e2fjuf8y,9nssqjh5,911ujdeb,op2qddx9
rvtaxxxu,bxoq8aoo,lu8jjjht,5o6il7q3,gb2edatr,nt7sum3y
m7a96mhx,pkdid3f4,h4ldhqlw,pfxsm318,lxffrna5,h5gb2xrd
tvjtrr1l,hb073ba9,em17ttil,lw1ye1f6,v30dskum,gcu5378m
ulda9pq9,lpywsn5a,2xoh2gdg,6xaano8g,fg5ft40l,an438a1d
f18ma6i1,wj15318n,xxwdukwf,dfyhh90r,brnnhqs9,of49wy77
ge2qtke2,y62d2il1,4d4ylss6,0mrym7rl,x6gykaqa,5buydkst
c4j8uj0f,0uy3bvyy,17p7n5r6,ppkbdmny,x7wqhhbg,2c6xs4ue
fed0e16k,210sj8fb,cql4xca2,oomnro92,7yeoancv,9yhy0vta
acykci9c,e9qd6xu4,btvem8dp,de3dlxd1,lyi96kd5,n30ofhrk
yvksc8gv,jbadrjis,aa7ap98k,ytkki3rw,5m5mf3hw,dmn2y882
3nqcc3np,ag4mgmt9,3e78qyr0,ixnxvp0g,gqh2r8w1,6nyj6xy1
7ygf4b17,ksjelt4p,2w6fu5af,u6yg90fu,7k1f6t6p,9bwercu0
32cqjyk6,70crjq02,udbhvsr2,tiwqsq0x,t2ebjyxl,t3qd0396
xre8fq1q,9cc34a4o,r55s8l2o,cv0xf5uu,bbne19et,f7whnor1
5spqvwl9,4f749q6t,dgdwq7pj,yw55wya5,g6j8ehbj,8bobil47
nk1piw9l,8r5t2589,0692cl5d,9pqu5o6s,6qae9bxl,lc62cyfr
34qm5tdq,rin4bor0,ca4ldoek,vb1uyrdc,v2dtiycq,6sctqu72
y5hmvek1,392nxbh8,yt2kyrup,m2yi0m70,m317cvju,18g06von
05yqj63o,jfn20w1t,sceeb1cf,k5nk6xq9,l1v8r2o2,d3n3u1l1
4oq6uo1l,q1xhog1t,cxq282mn,hc3wjj15,smr6gb98,eih21o3w
ppdn98f6,basrby4f,7n45xpe5,jgapj82u,listxe1o,0xthpigw
4nmhe48a,oax85teo,6cd736oc,ybug7t2e,5rchfp7p,ti8mn9re
h82jqol7,mdsqooc8,k0k5kysf,e4vr8186,e8ol7h7w,xyrhcewv
5mny2p7i,qtujt3pr,5ocbekt6,i4m2oiwr,dvkmxyre,ny64xt54
y7rtvsp8,4bggy35a,c8ggdfp2,sewfyfkt,xgkyavg2,uly5pkwu
fypbspk8,n99wsh5h,lyal3mtl,mm4o5mjk,kt9p1ao8,yg8awkq4
sfp982oh,j8foaudq,14htwhyv,g0cgqmx4,3o1mhj0u,dq9vlsh0
xmksocxv,1nx5e0up,t18q8nnh,um6sm3hc,3yfg35ip,l21ogh83
h0jbuxv7,gpgermbx,elveko7j,t8xd7h2j,h9o05kbi,mh6b0iqd
cbtf2o3r,gk3adshg,uls8eht9,cws8rd8h,xj4c7ruk,pogvg28m
6k5o78xe,romomt25,gesyubvt,2lf61s3r,pcf7pk4i,5yu6fmms
1kci7b6h,bvtvw4mw,skocayj6,bm4u5cvf,lwph57bo,kbtoahjt
liqw6sof,nem8vk6b,riktk518,srcii9hj,k5s4exj7,nj5nyde3
vy2uhk2f,dw50evje,hyiq7hs3,1jlm7nmm,9duexbmb,kas503kq
e1rk9lc2,dgye4isr,c2xowfcm,fhwso7id,s6ihfqp9,2fudj1a0
recdfbhx,rr74iu0s,peopp1ys,59nll8lu,smnb3y1g,um6xbbu8
o86o4k8v,4v4oksqy,uw9o77f7,giaugvdt,1kk7vgc5,ch2deh80
5ijjek28,t8qvt6bd,al98wjiw,7bivxa4n,c8h3kera,ene6klw2
bb7xv0lr,rnurle4x,h3iyny2t,avdpghrn,7nv6cftu,sui5kyg6
otwq6ytw,mhbdnq2m,2gdop8bl,u0k9e4k4,rx8brmm7,60g31dmy
90ntslj2,q75n2kyd,vwisk73a,7tkxgi2b,nyx7hmvc,kpu3dsnl
ct022uey,emralu27,ug0qx1vi,rhm5bfgs,ldw2p5lm,iv3c7bn4
lyauq93d,2h40wpnp,onn5n9i1,opa6yf1u,ew1ypx9m,q59qwhd1
cteuuw2t,b81hbhyp,p019hl07,0s6dn20n,0etkiljm,ejxcdf2k
1tbp52u7,f6qgfete,h9t4n5t6,uv8dkja6,28v1c7xu,2406wq5w
j7dwv27v,kjpr1f4q,oyi3s7yq,j17pk2h7,tigcauf7,5ji5l453
9355vnlo,cyfeg53h,vpln7en9,ayw1lg82,f04drc6o,r45h2ddm
3v0x44yg,13bayrii,ak6uogr6,d6y4486b,tbg4bwne,hb12vgxw
hqwk6yly,goij7eb1,ee0fwpjd,up3bsbf3,ftvioso4,j31m3icy
gjj1s2os,f85nftny,tnct7m38,l8cx8m9m,rmr0o551,vs0wf45p
y2lyi19k,a12gtta0,rjbwjb4s,ykoxim26,lavw0dcg,qnrt5evj
dovqeklb,idphksit,2c735rdi,dfrwxa60,5bn9p6f6,scd1vhba
paxpf45b,5ecbmwiy,bfi66hub,vc1ac5fv,uuop692f,ysnunrll
p9uvh57c,ym0orjyd,ouvylmj3,ypincbuh,vqlr19aj,xn3hhy90
1wb665s6,9d4qgm3r,597o3w8p,6g1jlw82,qp5l4vqq,1n5abaha
cg2dwyhj,ao2wcc29,koh15aoj,doyc1fdk,01m7opcr,md6lyf0o
borxotss,ft92rgc2,2fi4p1x6,t74je042,s9j2pvhn,miayoxxn
j17sm0rf,e1lhy8ub,5pefuuny,5aaqqd08,jtdm0jf4,jwjxsl9m
788rwm6x,2kpslaww,ffcn6d47,ge3otyv4,hau9cham,2peaeruu
rff13i81,siloygfp,3u20njxv,lfopn1e5,316q4ien,79ik99wq
ukwc0q1r,g55no21s,fm0bm6x4,wggl0019,q0eydaay,rr8f94i7
7jwq433h,lha6u3er,mqkmgho6,t8k52x4u,gk1l9se3,1sgcdkat
bl6rsewd,ybtlgo5v,lgf3b3wg,c7ijo4hl,rjwmhmkn,6evsm81o
8gvt0rro,gl7fbvdq,1l1hmj5y,4ptpirgw,dlol1lfs,vyf3ejy4
cdtk6g06,5y6fbe5i,yfvxxyyk,lfvb6t4v,u6xclwn0,el2qkanv
xn3ydxby,fyvljwy0,xss6qw6o,8hr4et3u,pus8uc4j,xbal3w8e
j1pjw6vy,nb94gd09,kdfcv4i4,gg6jw91x,gvsktpwt,21sn3nh2
arj0et4r,tolo4aqk,a4a2q8t4,drjfe0jc,87dx0qyo,is9p2f34
734lq6y3,ns5isrm6,0bprseom,j9dmlmoo,uat6q3hm,de6yvjk1
oq4lde68,xbaa689x,8ktl83cr,m1lmxpa8,pyjjakxo,n1sycd81
0cg7575s,s0wdip3w,an4h2m8x,qwtrklyr,rjogw2e8,gvyo898u
w964xckn,tcvjyly4,smgjqorm,4oonglc2,e2jcl5vl,kkb6uyh4
0xouj9n8,vx6em068,5fl00vwo,ab0wqyj1,rq2rmvqi,t6230c9x
2orjih3n,mdiwpp2h,fa5357xa,mhytq80i,hns0u72j,gl6w42qf
3sl6t8l1,mvxdfhin,3xcj12oa,u9w9m64g,kixiqkpq,y9uxw30h
qcp8ijus,bk7i3564,wfenhtsw,aqv6p2ng,joo3fsyg,519lrqva
tbrrcl19,7h2nksk8,ckvvaags,altqhpv6,feluql0p,j0tght8v
wx4nfw5c,l46m0djw,bpgqe922,69975esv,rniecxqf,16n0qfdi
26ejrpjb,cf2ib7p0,f6lalxca,92jpn6ls,rnr12xti,3fmwldal
t3tooqfj,9nh1qdr7,xqrbu2i5,ta5oolj8,f29lfnua,wohg6mo6
fttgcgu4,0ionyf9u,yv66dn0j,g2qowtw7,bmw3flhu,fuubbiwo
pfn7eqjv,rn0hswgi,dxkn87ra,35f0jih9,vgc7tc44,qfd4mm7n
mebjjsse,7qiuvfsq,6jhakpsi,4o9qjh9t,y8pp7h4j,yltrpshy
pu9ovms5,3qefmil7,0mnfyfy5,wwi3i01t,lqiyop9p,b2euaash
gywsogj8,4c0lt0b6,mdfy04b9,3ybudteb,3uwgtgwq,290bjot2
fuaatg4t,yn92xwgc,fiynn8lq,1wtovsd4,l4uod2k6,p2x85gu6
etdtix21,5thg9uma,0lcx4n71,ddlbtv8t,6y04x0p8,xuku44o1
c8al7xkn,vrhvslam,r9056ykf,o7gcd0ip,m1scuitw,ivhf9i7h
ra6gsvm0,em0gq1cs,836tcrns,47kbcn1d,hqyny049,kuxduc3t
uvddbkkr,tbydmvrp,9dcwhg5d,s8maycun,jpnj5684,dhw1omlq
4leo92cv,99eq7cse,ldy4k29v,wbcync1q,bnwku5fo,ieafkaej
sfuldgg1,ge240cr6,uy3sn9x9,6wnbo89i,6x3obk1f,n2a29pxk
37i88ymn,b3b7u4in,4ras8xuq,3p0tmw3y,dcsmumr8,js2wlrtw
fc8jv8gv,on9vbafr,sf2kp5ol,3tds4sfc,rl8tnvb0,65gk12p9
uhkxiirv,sfc2tyby,ypqf7kn0,0pcos5j4,bc9cn08p,55mpnrij
kcc57a7t,uh7ykc3n,ss56tyux,r8sajcsl,pjy4854u,uod73ka6
oweg3ws8,dfyscwv7,495pmnlh,j0qwg4ht,ff3obi3h,k9p2rb8u
h4a1hlob,db9l8tkx,abfupdpt,ivpig4b2,ycgoromt,bcg1o7mx
xxgtfm71,n5pp0puw,usbwqnrb,v5gitdot,bfj3majt,jxqjpqv1
b3ypqrhv,f8hcd3ea,j5eox6jt,fcrj4l9g,ph7ykneu,w5bmsavr
qb89co46,ivv8b0vq,vilskpsv,a8x8a01v,cjocw5f9,d3xnbbc2
gedkf4v7,sk2adidm,7hlqaoki,ho67e991,vcl2qwo7,5rt7elbt
754rikoh,byoykutd,0l61j54x,gte94k41,t1bcny45,fuiuq9uf
03ve00ee,weu3boct,3n7pn9qa,wwb7ptou,nvggrjm2,m6atbjqs
i70ayje8,0y0d77kn,axmg9s7m,vx25ce27,mvge26v8,8xsaxt24
rbik32ij,mmkkqab1,kod6eg45,01ollx74,b21w4v18,pfwjim10
jetgoh25,bv0k6c2x,kjrd08vq,2fqqi5sm,l77g3ilq,8p9uhhff
0kpxx2dg,m634d5g8,lcmr2dqj,sa492d5d,6mwwk857,od9vt506
2ptq4iem,nu6f5kpk,t1sbe529,5yxt1au5,obsha8go,fnuah4r8
oau42mq0,5ybqkspj,wu2dw4as,6hb6jkgg,n48fgrru,d5pkn1r4
54i1byux,432bt8bv,y8kt4jts,xpdwdn6v,b0p734gj,81pcoiie
u8sbqgvl,9lpv4oh8,eyyoo75y,7192rel8,7a9qwrdn,mv0ba0ob
etf8iin4,eqdx55kt,mtljueki,udsef6ga,0pkb2xm4,1nhmbdlp
lw6yu2dn,kqg3f2j9,cqroukva,fgyv8ut1,jjgrqlc9,fjfeg6we
acv4g60n,s26y44uj,qxurlmtd,6log1bvf,f0xuixea,9iig8hcn
iuhtamp7,a4sp24ja,21dijdpc,jjm0u9bm,koy5ukgs,q66ixpha
ed2xsbvj,1i3l7p0o,4sgvy13j,vsjfnnt9,6nnuan4o,cx8oogbm
w37sb5do,nib7hmmj,c5wjdv67,8y4ccr4f,mxr75y6r,5omis4g5
ip2wwr8p,sef5gmnq,s9dowcn7,3pf4fiyy,35nlx0b4,pyrqdbps
1lqpnmft,nsxijop2,c5e72q32,y2hhif83,8dl683tn,p1touxr9
bkonym3o,86ru5vbj,l45it005,voly5n38,56xhrit1,v5fm3n57
2tyhsql2,rqfpv1ol,x7r4kfb5,yh6she7c,gp7srvg3,67sp08pc
itactm0y,rd1emx13,ullk9vos,rdc4ccmf,x62aak8a,x8y03fqp
m48pu4l8,p3y3vxsp,xl2t6w10,c795w0qb,t6qft50j,g8auy8p5
8nd9r0qp,33u08205,ywfskprq,1xgdfvnj,2bnn76d5,182oqw5u
h1o4wsw7,50tkvcii,xbnjw1md,ur4s1il4,e9vwaujt,nh1k0xcl
ift76hap,uk36ssdv,s6lc6o8n,hh3rl8l0,dwci62sr,07d84cvw
vu9jng9m,th19kasy,3jk4f5xq,l8t87b6g,eaq2ne8e,qvfuk2lr
x55ouede,y8wyqad3,55g28m32,8hfui1jt,xaw82n7e,pcj14v1k
q70s777j,li1whnj2,n9q1pj18,swf4vhb9,ken0tofs,qwpjwn8c
62d108oc,0is20oq7,nb473c1w,i8jbtu2u,c8205an2,1t1n6w4h
c4oujr3e,oa3ufi9s,32fqwmkm,lmywb3g5,yx1248pu,2dq0vkjv
c97fyd6x,ndfbxm07,5e6if8uh,tg3ylnr5,8rqatc4l,is02xgau
c6tscnbj,1ya0919t,piparmss,nix18uim,8lp5hvbp,ehrp28e8
i9oql01j,2cjb0hgu,ljxto5a4,f33efy8a,jvcftkbp,obwn7w3o
xdixbkik,orkkqy35,oyqsap4x,8pw72pvo,pabv85hj,rgsgsym7
o856qdm4,7fiq2hfg,v9tll5p4,12ybfeie,2kjce1jj,ec7dagoq
8hyurylm,5vcn9fw7,8qbc2tpt,ctx510kn,74teqpme,qhjdfqw3
uqk9ehec,8enr1mq3,y8x27mv4,2awqhbfn,elrtdkau,j6jyt563
59m1gftc,xlkmb7m3,8m0uojpv,05bvpob8,cw702eba,xt6t0p64
6dhtu967,ndhrfe8h,tclt7n75,0wvdedcx,g22hu0he,i43j8d22
7co7yh5s,m0lkm6i9,84s9ljyx,6yc2y9ci,7gq4locb,bnmo3564
pimcmvnm,da3u39x6,hs5rwndl,5kn1ek5l,fxbmd0fd,6fk8d5kx
gwxbgenk,n54wk6iy,x8mobwsj,bwto0yp6,6cavr5up,8n1ga6rr
mexir26u,aijf49om,c9p4nmsi,1cgqay7h,xfg6wwb0,2vp3o0us
r4s3ec98,taelxrsm,up2kqwru,94tedkml,bpc8uw65,ej0rg5g3
jkpd65s0,eig0v28k,hca6a628,6p8g81jh,ni3gxgds,6mtx8c8f
jodspn4w,ersqrn2g,a1qbftep,ar3cl24x,519w0vr8,m61x2o2j
r6wlcvg5,saasmwb4,jgtmafh8,6jt6s2vi,92blrnbd,nm6sr5ma
iqxrn36d,6q6uxf49,av4nt3y9,nb1gx717,1q696i63,jmpjswoj
olpcnctx,dwlwgblj,le2mbun3,s6pej7b9,8waq9sl9,r2tyb098
e5xxgsgq,e1win53h,avpahv4k,anplrnu1,nrvb8cv1,loxm5rf1
lesdl47t,gcy7x56b,jky3wkaw,9j4sqoew,haaa2fwl,p4rswwcy
benos7yg,sx3ovil4,vv709062,bpda8ou7,3o8omn0t,mid2pmfl
pgo96cgi,yk7u7d4y,l0lr5boj,kglx6686,if32cnok,shr9m0by
cgf0vw34,dkofn3nr,wf8sy3cq,w6wwayf6,1cl1m1oh,bxsis4x9
7b2i6lcq,2e66bvbp,nim922ql,4absxgr4,jdqjcxtg,1oiw4lcq
kad5gi8a,mhj9qw7v,g8g5c2s2,golm927m,990larmi,mnggiygq
ket1m6q6,ydlxb7d8,ha7wssfg,irrtd5ef,o1efjpxo,omq7fvbw
522pwrur,iy01keab,h9a0scnn,wekcumka,a9dnslr9,hj8oogmr
01efo4cg,rok84wur,mdaxn97e,849e0el3,4opj00p0,w709ma7u
kpkorg3q,vjgqi6ov,dtn7m2p4,8eiy2ki3,xthpfd2p,e64utr93
ity5futs,dc4ul37e,7jl9ae43,9ku1r05c,blpjygeu,9kifbkij
4tadixp3,1yy4lq97,7s6gcxdu,3h06buo6,v4uewp98,apyqs8gi
iv0ygtj1,5pw2jhhh,poohsuk9,2bllk5be,5oe4m50p,7dunupdq
1le0f4yl,lkov550h,n1mx6nfw,6evg8bbi,gw0m5h5s,9ptuxbjl
hwjhhyq8,3vll1x91,hknsos5r,shcl08o6,sgtbr0uo,1fg62m4d
enjih0er,kpn4r6xq,5d14yagd,noihqorr,gybbe5bh,wcuu74bb
f4bmcp0l,trbj8blo,qtolghf4,j8r29rjq,p07avtrh,3dnb4kt5
j4siq0pm,gqf2onsf,hooaxsb3,qpql58ld,hmt12bmn,7bs543o6
lnuwi98f,jupecf4e,tef0f5t9,6kejbdhc,10auaw1m,hrlwvnku
u3x05bn4,d5mckww2,ivhao2n6,7t7k84o9,qp3bpsdg,dh272gui
a6axtsmr,ktvcnvlt,5nap6tsq,pdn7wt3g,7r31h8i4,mibpo81m
gwosayyd,9sv76240,0xyckyjx,tguu6vlx,7bgu4x3i,ph1fbmka
y2s658k6,u64hsee7,xsjfdt5w,r3ye227a,m5473oln,pvcm2lbn
t1cfnm55,l6vpak89,ji2624pc,3da0circ,mtpodees,l4d8e06k
vnj72bkv,wifkflr5,3jtu0uj6,mud0irqo,57renvn8,k3gpee53
9pydb429,ilpvdpk0,ym6ec2ev,d9us3pds,0k51qi2g,xk6t1mx3
b1cgj6ol,y0s523p0,xkvm7i4q,bodyujsr,61rv5nmb,ajyn79i1
ptncbqxu,06onp87t,tinejm8g,swp2mmya,p9yg2760,i7utqtcy
q2p80lft,yc4bxj5w,ysvi1t8t,wmxxem28,ar3fe5es,7vdjnw48
mexsljo9,aubpqi1y,4a462v7e,kwveronv,41wy5lxy,ywop79j4
jcsr2xdy,4icfgwgm,1rau8f89,kqn32pl4,82dlwsh8,06cn21et
p9ghnht0,msmav7mm,s1b068e3,xbep5l32,omgv0h8a,brjvtk3w
53wb1elo,py2y3rv2,j5p91dpp,l3bb6x9p,mj4s9wj4,ktnb5h6o
9w7w8kxr,c7n6d5q5,qkebimo5,yen53bd7,xopp1u1e,lwl14otu
jhf9lbsf,w9gfk60i,r85yg1ad,vmwnq74m,jpp9sx7e,gmxetpk3
scc9b8tg,s5npyas4,09geo982,gtxn3nwo,66mnvn5d,vvec1gt7
4pbco32g,mbdc61ho,ce6wjxdv,o27ruafn,yn7ju1xa,ogyg8dmp
jtmhf3xf,d0r6mrsk,5wwwg2v1,sb9tvvf6,ydwy6742,qhw1b1w6
2mgyb1fv,4dh3lj4f,29mncm1y,aompb8ni,t652p61u,bjpx8fnn
kimgnuna,yl7b1vrg,r26xdto8,bv10lmhp,ao6fuvuj,qjjrl78y
fi2p4l2g,d9wk2qmg,vfc1wki6,da70hkod,lrgb6mer,ssryssad
qio3k8ai,efw97lde,c43wfsqa,r3v4csih,eaixi91m,j8anolpn
jdvbuuya,s1212hpb,0mfh5r08,0ogd0efi,j0pnbtj5,q25k7scq
vejywua3,t3lnh9ki,4lmvmvad,ytw1jsqm,18l16u98,jsuiko8i
r9fy5uk9,o8skftl4,skpr6upt,oaisdj38,ngeg65xf,sfu5dgpo
qqgtpe2s,qlhv1sx0,nc3n08c5,l2efr3ik,eyr0tpy7,0g7r32up
kx837ab4,w9snrftb,68e3lilh,r7dnr1bu,es9t4j22,u2iesh2m
3br3o5gc,uoyhvjfn,jcmfvegx,mvbgijm4,7n5ukqif,uaex3drp
slixso22,mg7dk1go,towodaam,grq4h0va,ffcwpxfy,nmhgepnf
9ilw47hw,2s9xwsss,lmsrfv2q,9qylq01l,jauygwy7,xvs0nf9a
0ij4ml8i,fvb06or6,6atfd6gf,7td8nh0u,217y0x1h,1w9l5k6f
heq17lq2,ep2j2xse,dekq3b09,6r0kebfs,swd5v4sd,j4gowi78
ctlbpp1d,6n4bwqda,peiq06ff,iyp9nkpq,veajs1e9,epafudw6
9aj50700,81gktajr,iqxrj40n,ha0omy8h,ntb5bljg,t82n79qo
2obkexv3,wsq1dknj,ibdc5s68,4gojkgj8,6x3aoean,q8ju3x8g
4mmf1c6g,fasdvn4l,x4y6le7e,3p9uix2o,psq01mue,c7tuyieu
h19age75,s0te3nc5,7bcfb68a,jj5usdud,l0obnuy1,cp423a3b
7m8ifmyo,gf7in33q,nxtl1dib,dykuandd,ymcavesi,oh46xf37
kob6lrae,842ickhj,r0i6op7x,kbryw4p7,12sm19l5,hooulh33
ni3sul1v,7b1if7n6,6rf02t90,kd7dbtay,d10hlton,jwanj436
lyn1a25b,3h6ygssu,9iww8bkn,ck5jdvj4,vul7yom2,wmksgh87
odkwt335,c53w9wkb,8rtwsi0l,05k57wju,fojw6n5r,fb2aw11f
9dmxel2n,e4us2kxw,h25g8k2e,my2xm5pn,bsa3vdq7,172gkj11
irxmnrjr,fnhksif8,mqhhuj50,c89dr3xw,sgf90je5,sd3553jf
jyje5u8s,3okp970n,dxff8i82,8gdwdm7q,yy3orx95,v7khxmv6
f3suuika,2fea0y95,nvfli40g,fa6qlype,ldhtqfvd,auxut2ma
a1h80l96,exnmpmeg,w2lpjxw3,a339lx0b,kqwh2yp1,nbkad0xs
52c8j280,6ol7vx5o,8q2fwruk,vr12pxe8,dabgw4lt,95ebfq54
t48t5j2j,41jfa09b,td5sb786,g4cv20qh,nyo7uc3j,cafone5b
kswvl218,dnynsrc7,sheipvng,1a4o3jbt,qpyd9rmt,v9ix4kff
ohu3326t,s3151epn,yeywl0a9,m8mnj0sj,2wgal3tv,fy4hvkmd
15yfag1y,bgb7jnf2,5lfy8nel,4p99w0ne,seyu6nea,t02k7fkv
gyk2y1hm,sbnnnuet,f8b1mh8m,1lrjgqh3,r5lkeqrs,l7ej58ky
8lrrp3du,hs80qfd7,s8fstxq7,dq8i6fj2,6aq410fl,hisbclgg
b9phxvv3,s2k64cj1,f1n8sueg,y1rf2l9u,3ixd97yq,l2bhpeu0
0ctdniu1,fuxqoynw,xsfvor8y,55max31d,6d8get2r,drkr8ss2
iuvusy8b,jkfeecn2,0ad8dhg9,rc9rcrqi,qrlfsfjk,r0xma7j6
uhubf6xk,tu5a38s9,i51qs7vp,heu26bky,83t23xi7,mm9m4wot
u6twjkfp,slujxl7i,w3qtn16l,7lad50pw,mnr8fobw,o28rpjty
jk68nrlb,ym7gmycd,x2vddpwt,mqkuaycj,qg13du0m,lwbap49g
